text1,text2,clip_image_similarity,clip_text_similarity,clip_multimodal_similarity,clip-hf_image_similarity,clip-hf_text_similarity,clip-hf_multimodal_similarity,cvcl_image_similarity,cvcl_text_similarity,cvcl_multimodal_similarity,dinov2_image_similarity,dino_say_vitb14_image_similarity,dino_imagenet100_vitb14_image_similarity,dinov3-babyview-2025.1_image_similarity,dinov3-babyview-2026.1_image_similarity,dinov3_image_similarity
acorn,coconut,0.7683058,0.81800145,0.437657,0.7682753,0.8180014,0.4376678,0.36012903,1.0,-0.54279697,0.10177958,0.5756762,0.6150488,0.17276272,0.24888505,0.07703504
acorn,key,0.6277719,0.74393344,0.33533967,0.627658,0.7439334,0.33520806,0.18223666,0.13790376,0.41180032,0.048550416,0.40940464,0.41832653,0.12208701,0.14696485,0.031846575
airplane,truck,0.63702255,0.8382763,0.35419852,0.63725185,0.8382762,0.3540659,0.37794006,-0.014285013,0.86521995,0.06511075,0.36214346,0.28960013,0.11520978,0.14821841,0.025456965
balloon,dresser,0.521147,0.69466496,0.358182,0.5212308,0.6946648,0.35815954,0.02690678,0.14301525,-0.42429662,0.025832685,0.35361928,0.37189108,0.022357227,0.061162177,0.026859827
balloon,kite,0.7434973,0.809922,0.47072226,0.7435519,0.80992186,0.4706564,0.2302219,-0.0048966752,0.2316742,0.22995627,0.46991256,0.43171585,0.38498083,0.35039696,0.29193488
bathtub,shower,0.8369466,0.81867754,0.4678836,0.8369693,0.8186775,0.4680184,0.19296066,-0.0105634825,0.4160807,0.23407349,0.4679213,0.5637685,0.093654595,0.11622202,0.22699876
bathtub,sock,0.6293818,0.7222745,0.35664445,0.6295753,0.72227424,0.3564005,0.18294023,-0.021110518,0.45114613,0.037117183,0.3565646,0.4407724,-0.0018390196,0.12787151,-0.04151301
bulldozer,orange,0.5279516,0.7090268,0.37491256,0.52791,0.7090271,0.37478405,-0.036046587,0.02320719,-0.8283491,0.030298162,0.43429503,0.34816077,-0.012476915,-0.025500575,0.07351721
bulldozer,tractor,0.7183089,0.8580155,0.41160733,0.7182879,0.85801554,0.41162163,0.45976788,0.10392723,0.45308572,0.3177009,0.5867663,0.68569285,0.19453499,0.1897878,0.20933956
butter,cheese,0.8467854,0.9052188,0.41349918,0.8467361,0.9052188,0.41349208,0.35067737,0.103907034,0.5043942,0.32200205,0.6018178,0.649009,0.2256998,0.34701112,0.37577698
butterfly,duck,0.68803424,0.81565624,0.43588638,0.6876316,0.8156564,0.43594563,-0.0015873984,0.080150805,-0.19493353,0.03707836,0.41729477,0.37760285,0.17618123,0.33282316,0.08350947
camel,elephant,0.7319568,0.86103183,0.40746987,0.73182714,0.8610319,0.4073395,0.3062653,0.1303053,0.78229874,0.04956688,0.61229545,0.47576857,0.22864895,0.37705132,0.027758354
camel,ladybug,0.6772691,0.6917408,0.34132093,0.67738765,0.6917411,0.3413725,0.15788475,0.04373815,0.5859421,0.030606775,0.5242332,0.41022095,0.24915871,0.31488693,0.059236333
car,truck,0.451976,0.91985023,0.45836908,0.45177582,0.9198502,0.45839536,0.18088648,0.15277885,0.617762,-0.03332627,0.5606961,0.49484873,0.13553053,0.29804063,-0.036610983
cheese,butter,0.8467854,0.9052188,0.53189695,0.8467361,0.9052188,0.53179383,0.35067737,0.103907034,0.5047587,0.32200205,0.6018178,0.649009,0.2256998,0.34701112,0.37577698
cheese,mud,0.4920151,0.7845042,0.45237213,0.49201712,0.7845042,0.45255435,0.1184709,0.049014375,0.23209792,0.04021425,0.3800113,0.472476,0.0964141,0.060040437,0.029730452
chicken,duck,0.73202485,0.90739,0.43910426,0.7317894,0.90738994,0.43911052,0.16843492,0.18950023,0.5993848,0.045424394,0.451974,0.4678893,0.1339889,0.17218989,-0.018838663
cloud,tree,0.87730443,0.7831787,0.43317968,0.8773725,0.78317875,0.43318874,0.34813946,-0.06437088,5.4155397,0.31845966,0.54027593,0.5354077,0.16361447,0.27703643,0.21766983
cloud,zipper,0.6652233,0.7099528,0.38872427,0.6650658,0.7099528,0.3887241,0.14485714,0.057497747,0.8522443,0.010954069,0.33321288,0.34159517,-0.041085284,-0.07971522,0.017698428
coconut,acorn,0.7683058,0.81800145,0.46193016,0.7682753,0.8180014,0.4620762,0.36012903,1.0,1.542797,0.10177958,0.5756762,0.6150488,0.17276272,0.24888505,0.07703504
cow,snail,0.6559297,0.7920017,0.37463403,0.6557093,0.79200166,0.37463802,-0.04869843,0.038506337,3.7841446,-0.007186217,0.43637812,0.30154833,0.1745693,0.21608134,0.028164506
crow,penguin,0.7175222,0.83875954,0.4009797,0.7176357,0.8387597,0.40067756,0.4379213,0.18557669,0.5287218,0.034445763,0.6197563,0.54521334,0.23306803,0.33724192,0.082856126
crow,seahorse,0.60714227,0.64077103,0.35321808,0.6073132,0.64077103,0.3532207,0.14493364,1.0,0.59693766,0.02441853,0.49033216,0.3650101,0.19340117,0.15418087,0.045922928
dresser,balloon,0.521147,0.69466496,0.4043516,0.5212308,0.6946648,0.40438938,0.02690678,0.14301525,-0.14786994,0.025832685,0.35361928,0.37189108,0.022357227,0.061162177,0.026859827
duck,butterfly,0.68803424,0.81565624,0.34421414,0.6876316,0.8156564,0.34428865,-0.0015873984,0.080150805,0.12851745,0.03707836,0.41729477,0.37760285,0.17618123,0.33282316,0.08350947
duck,chicken,0.73202485,0.90739,0.42133868,0.7317894,0.90738994,0.42133892,0.16843492,0.18950023,0.043732285,0.045424394,0.451974,0.4678893,0.1339889,0.17218989,-0.018838663
eagle,squirrel,0.6723669,0.8156054,0.3794158,0.6722169,0.8156055,0.37941533,0.19515367,0.1785963,-2.811408,0.0432637,0.58454424,0.49136305,0.30341017,0.47231093,0.05754345
elephant,camel,0.7319568,0.86103183,0.42163676,0.73182714,0.8610319,0.4217524,0.3062653,0.1303053,-1.337332,0.04956688,0.61229545,0.47576857,0.22864895,0.37705132,0.027758354
frog,turtle,0.7558232,0.88555104,0.38847446,0.75590295,0.8855511,0.3886835,0.27021512,-0.055920783,0.10132462,0.0027638273,0.49162757,0.45684117,0.09150601,0.10621499,0.023409693
glasses,potato,0.5523284,0.76075435,0.41058075,0.5526429,0.76075435,0.4108349,0.16963252,0.071500845,0.3500536,-0.0011245958,0.30853608,0.33464774,0.010601564,0.005801237,0.0517675
goat,turkey,0.7289523,0.83774173,0.4241333,0.7287866,0.8377419,0.42412168,0.13086216,0.25035787,-0.10588181,0.06715935,0.47468778,0.45452935,0.1311495,0.16911502,0.07766671
horse,turtle,0.64870024,0.83385825,0.38002628,0.6489606,0.8338583,0.38018262,0.16780823,0.12650074,0.9619332,0.037695915,0.4537802,0.42826223,0.08219069,0.23038918,-0.07625074
key,acorn,0.6277719,0.74393344,0.4432196,0.627658,0.7439334,0.4433307,0.18223666,0.13790376,0.44461226,0.048550416,0.40940464,0.41832653,0.12208701,0.14696485,0.031846575
kite,balloon,0.7434973,0.809922,0.41037357,0.7435519,0.80992186,0.4104123,0.2302219,-0.0048966752,0.7118029,0.22995627,0.46991256,0.43171585,0.38498083,0.35039696,0.29193488
ladybug,camel,0.6772691,0.6917408,0.347008,0.67738765,0.6917411,0.34704608,0.15788475,0.04373815,-0.029947877,0.030606775,0.5242332,0.41022095,0.24915871,0.31488693,0.059236333
lizard,snake,0.810047,0.9104703,0.45186514,0.81005335,0.9104703,0.45182425,0.2529009,0.16679952,0.4238128,0.078161374,0.47531065,0.6182667,0.2037348,0.37098435,0.036968656
lizard,walrus,0.6117779,0.69580984,0.3722828,0.6121651,0.69580966,0.37229556,0.020013886,1.0,0.379174,0.08201774,0.5251311,0.41274557,0.18275696,0.19136901,-0.031517554
monkey,squirrel,0.6986864,0.8711118,0.45767057,0.6984696,0.87111187,0.4578852,0.31683427,0.042590827,-11.063406,0.045212172,0.65500534,0.64169395,0.3030676,0.39465266,0.13325526
mud,cheese,0.4920151,0.7845042,0.32595682,0.49201712,0.7845042,0.3257473,0.1184709,0.049014375,0.92161137,0.04021425,0.3800113,0.472476,0.0964141,0.060040437,0.029730452
orange,bulldozer,0.5279516,0.7090268,0.33359587,0.52791,0.7090271,0.3336385,-0.036046587,0.02320719,-0.3566538,0.030298162,0.43429503,0.34816077,-0.012476915,-0.025500575,0.07351721
penguin,crow,0.7175222,0.83875954,0.42430502,0.7176357,0.8387597,0.42460424,0.4379213,0.18557669,0.21191847,0.034445763,0.6197563,0.54521334,0.23306803,0.33724192,0.082856126
pot,potato,0.59607047,0.8194531,0.45801288,0.59583133,0.8194531,0.4582036,0.059042536,-0.020860871,-1.0179248,0.050832152,0.2738176,0.3545184,-0.03338667,0.0040260446,0.09240452
potato,glasses,0.5523284,0.76075435,0.40334558,0.5526429,0.76075435,0.40314114,0.16963252,0.071500845,1.1730231,-0.0011245958,0.30853608,0.33464774,0.010601564,0.005801237,0.0517675
potato,pot,0.59607047,0.8194531,0.37908262,0.59583133,0.8194531,0.37883806,0.059042536,-0.020860871,42.55642,0.050832152,0.2738176,0.3545184,-0.03338667,0.0040260446,0.09240452
seahorse,crow,0.60714227,0.64077103,0.27490145,0.6073132,0.64077103,0.2749322,0.14493364,1.0,0.40306234,0.02441853,0.49033216,0.3650101,0.19340117,0.15418087,0.045922928
shower,bathtub,0.8369466,0.81867754,0.43922365,0.8369693,0.8186775,0.43906385,0.19296066,-0.0105634825,-9.818441,0.23407349,0.4679213,0.5637685,0.093654595,0.11622202,0.22699876
snail,cow,0.6559297,0.7920017,0.34563857,0.6557093,0.79200166,0.34564143,-0.04869843,0.038506337,-0.1408,-0.007186217,0.43637812,0.30154833,0.1745693,0.21608134,0.028164506
snail,worm,0.6911844,0.8899343,0.40897077,0.6912327,0.88993424,0.40872604,0.070070714,0.13534547,-0.7559897,0.033137634,0.3928744,0.36080056,0.06435121,0.13139021,0.03690955
snake,lizard,0.810047,0.9104703,0.46095574,0.81005335,0.9104703,0.46096802,0.2529009,0.16679952,3.8802524,0.078161374,0.47531065,0.6182667,0.2037348,0.37098435,0.036968656
sock,bathtub,0.6293818,0.7222745,0.37458956,0.6295753,0.72227424,0.37469006,0.18294023,-0.021110518,0.68415487,0.037117183,0.3565646,0.4407724,-0.0018390196,0.12787151,-0.04151301
squirrel,eagle,0.6723669,0.8156054,0.4048028,0.6722169,0.8156055,0.40484828,0.19515367,0.1785963,2.0076723,0.0432637,0.58454424,0.49136305,0.30341017,0.47231093,0.05754345
squirrel,monkey,0.6986864,0.8711118,0.40971726,0.6984696,0.87111187,0.40949214,0.31683427,0.042590827,-1.9611223,0.045212172,0.65500534,0.64169395,0.3030676,0.39465266,0.13325526
swan,turkey,0.74330294,0.85534763,0.42083126,0.7431635,0.8553475,0.4209727,0.15879402,0.02558377,0.9095562,0.026654763,0.40881184,0.43260178,0.08260093,0.03671558,0.013296195
tractor,bulldozer,0.7183089,0.8580155,0.4542594,0.7182879,0.85801554,0.45422298,0.45976788,0.10392723,0.4524235,0.3177009,0.5867663,0.68569285,0.19453499,0.1897878,0.20933956
tree,cloud,0.87730443,0.7831787,0.42079222,0.8773725,0.78317875,0.4208148,0.34813946,-0.06437088,0.45914233,0.31845966,0.54027593,0.5354077,0.16361447,0.27703643,0.21766983
truck,airplane,0.63702255,0.8382763,0.43409538,0.63725185,0.8382762,0.43424255,0.37794006,-0.014285013,0.27171314,0.06511075,0.36214346,0.28960013,0.11520978,0.14821841,0.025456965
truck,car,0.451976,0.91985023,0.39872074,0.45177582,0.9198502,0.39868695,0.18088648,0.15277885,0.46827406,-0.03332627,0.5606961,0.49484873,0.13553053,0.29804063,-0.036610983
turkey,goat,0.7289523,0.83774173,0.3841427,0.7287866,0.8377419,0.38408858,0.13086216,0.25035787,0.72050536,0.06715935,0.47468778,0.45452935,0.1311495,0.16911502,0.07766671
turkey,swan,0.74330294,0.85534763,0.4078666,0.7431635,0.8553475,0.40778863,0.15879402,0.02558377,0.6167685,0.026654763,0.40881184,0.43260178,0.08260093,0.03671558,0.013296195
turtle,frog,0.7558232,0.88555104,0.47265667,0.75590295,0.8855511,0.47250694,0.27021512,-0.055920783,0.8321306,0.0027638273,0.49162757,0.45684117,0.09150601,0.10621499,0.023409693
turtle,horse,0.64870024,0.83385825,0.38098025,0.6489606,0.8338583,0.3809055,0.16780823,0.12650074,0.09486312,0.037695915,0.4537802,0.42826223,0.08219069,0.23038918,-0.07625074
walrus,lizard,0.6117779,0.69580984,0.2765832,0.6121651,0.69580966,0.27670354,0.020013886,1.0,0.620826,0.08201774,0.5251311,0.41274557,0.18275696,0.19136901,-0.031517554
worm,snail,0.6911844,0.8899343,0.46801716,0.6912327,0.88993424,0.4682495,0.070070714,0.13534547,0.2847407,0.033137634,0.3928744,0.36080056,0.06435121,0.13139021,0.03690955
zipper,cloud,0.6652233,0.7099528,0.37654132,0.6650658,0.7099528,0.37662554,0.14485714,0.057497747,-0.07987225,0.010954069,0.33321288,0.34159517,-0.041085284,-0.07971522,0.017698428
