image_similarity,text1,epoch,text2,text_similarity,multimodal_similarity
0.20205432,turkey,1,swan,0.35201645,0.38754505
0.09636785,turtle,1,horse,0.2548704,-0.09930825
0.09323908,cheese,1,mud,0.29540494,0.29524636
0.39357847,squirrel,1,eagle,0.56349885,0.3908143
-0.07410606,potato,1,glasses,0.21513185,-0.029042125
0.1281758,bulldozer,1,orange,0.24083573,0.28016478
0.034330986,snail,1,cow,0.29357386,0.11696559
0.3442571,acorn,1,key,0.5617811,0.18876839
0.18584055,turkey,1,goat,0.51042587,0.36930108
0.18241589,turtle,1,frog,0.7503688,0.46418315
0.55449754,cheese,1,butter,0.789689,0.56592935
0.609826,squirrel,1,monkey,0.67475736,0.50745904
-0.03704271,potato,1,pot,0.4909089,-0.014369845
0.45234525,bulldozer,1,tractor,0.5534101,0.27686483
0.36483482,snail,1,worm,0.80277276,0.44486886
0.40323505,acorn,1,coconut,0.7092668,0.4849156
0.04457908,balloon,1,dresser,0.16056739,-0.037202716
0.5412648,balloon,1,kite,0.71563506,0.445212
0.05827268,bathtub,1,sock,0.17131844,0.10384619
0.22342521,bathtub,1,shower,0.6779262,0.45144123
0.13011983,camel,1,ladybug,0.11549454,0.017894387
0.56582785,camel,1,elephant,0.71726835,0.5056046
-0.088235304,cloud,1,zipper,0.11672691,0.086223364
0.3231422,cloud,1,tree,0.34047955,0.31174594
0.35891783,crow,1,seahorse,0.41092739,0.26894623
0.56561184,crow,1,penguin,0.58433914,0.48493028
0.016421579,duck,1,butterfly,0.29049423,0.065950155
0.19501393,duck,1,chicken,0.5096635,0.3696763
0.20222868,lizard,1,walrus,0.5166663,0.30855817
0.53605604,lizard,1,snake,0.91207325,0.40779966
0.036059197,truck,1,airplane,0.53461176,0.046314716
0.32789555,truck,1,car,0.6579543,-0.010290146
0.20205432,swan,1,turkey,0.35201645,0.15724665
0.09636785,horse,1,turtle,0.2548704,0.2508623
0.09323908,mud,1,cheese,0.29540494,0.041735828
0.39357847,eagle,1,squirrel,0.56349885,0.45302588
-0.07410606,glasses,1,potato,0.21513185,-0.014298558
0.1281758,orange,1,bulldozer,0.24083573,0.12503052
0.034330986,cow,1,snail,0.29357386,0.11902982
0.3442571,key,1,acorn,0.5617811,0.5974069
0.18584055,goat,1,turkey,0.51042587,0.46275324
0.18241589,frog,1,turtle,0.7503688,0.3410169
0.55449754,butter,1,cheese,0.789689,0.43429613
0.609826,monkey,1,squirrel,0.67475736,0.53458095
-0.03704271,pot,1,potato,0.4909089,0.41465133
0.45234525,tractor,1,bulldozer,0.5534101,0.4099028
0.36483482,worm,1,snail,0.80277276,0.5001789
0.40323505,coconut,1,acorn,0.7092668,0.3521468
0.04457908,dresser,1,balloon,0.16056739,-0.0478729
0.5412648,kite,1,balloon,0.71563506,0.40229023
0.05827268,sock,1,bathtub,0.17131844,0.16845542
0.22342521,shower,1,bathtub,0.6779262,0.31431156
0.13011983,ladybug,1,camel,0.11549454,0.1523087
0.56582785,elephant,1,camel,0.71726835,0.38414192
-0.088235304,zipper,1,cloud,0.11672691,-0.029606462
0.3231422,tree,1,cloud,0.34047955,0.18705845
0.35891783,seahorse,1,crow,0.41092739,0.34881192
0.56561184,penguin,1,crow,0.58433914,0.38783228
0.016421579,butterfly,1,duck,0.29049423,0.21602935
0.19501393,chicken,1,duck,0.5096635,0.31791967
0.20222868,walrus,1,lizard,0.5166663,0.3633548
0.53605604,snake,1,lizard,0.91207325,0.5384796
0.036059197,airplane,1,truck,0.53461176,0.104994714
0.32789555,car,1,truck,0.6579543,0.4194919
0.29054463,turkey,2,swan,0.42072216,0.3244964
0.16149189,turtle,2,horse,0.34448656,-0.8040949
0.22785825,cheese,2,mud,0.23129517,0.2664926
0.3482017,squirrel,2,eagle,0.38003206,0.22593373
0.09870349,potato,2,glasses,0.20947127,-0.22857296
0.25651762,bulldozer,2,orange,0.2792904,0.03378445
0.23260613,snail,2,cow,0.30837524,-0.24146163
0.1740406,acorn,2,key,0.43616042,0.067043066
0.41547367,turkey,2,goat,0.4684198,0.28187734
0.47341573,turtle,2,frog,0.7006369,0.4970131
0.6287198,cheese,2,butter,0.63505024,0.4879275
0.5196286,squirrel,2,monkey,0.6207819,0.4183569
0.11397047,potato,2,pot,0.453036,0.07368827
0.48978606,bulldozer,2,tractor,0.63984144,0.26987064
0.42442816,snail,2,worm,0.67712575,0.3274027
0.56486183,acorn,2,coconut,0.58976936,0.4382692
0.1446913,balloon,2,dresser,0.30129942,-0.11030197
0.5258137,balloon,2,kite,0.5382597,0.4452933
0.18507484,bathtub,2,sock,0.27169853,-0.20969117
0.56878716,bathtub,2,shower,0.6281151,0.33855152
0.15192384,camel,2,ladybug,0.23208481,-0.22708082
0.49609694,camel,2,elephant,0.58339655,0.3622297
0.14749114,cloud,2,zipper,0.31638938,0.09430802
0.49851853,cloud,2,tree,0.46659446,0.34561443
0.28419915,crow,2,seahorse,0.34064674,0.18274891
0.44848585,crow,2,penguin,0.58597285,0.25591123
0.2521048,duck,2,butterfly,0.4867516,0.09564185
0.31231463,duck,2,chicken,0.6661704,0.43747967
0.28419557,lizard,2,walrus,0.40344632,0.21832901
0.5539709,lizard,2,snake,0.75647146,0.44224435
0.34795734,truck,2,airplane,0.5144964,0.2170369
0.17736118,truck,2,car,0.6546151,-0.08058262
0.29054463,swan,2,turkey,0.42072216,0.21291608
0.16149189,horse,2,turtle,0.34448656,0.12431115
0.22785825,mud,2,cheese,0.23129517,0.23817754
0.3482017,eagle,2,squirrel,0.38003206,0.08247352
0.09870349,glasses,2,potato,0.20947127,-0.036037683
0.25651762,orange,2,bulldozer,0.2792904,0.18359238
0.23260613,cow,2,snail,0.30837524,0.13904095
0.1740406,key,2,acorn,0.43616042,0.4015696
0.41547367,goat,2,turkey,0.4684198,0.34269232
0.47341573,frog,2,turtle,0.7006369,0.35197097
0.6287198,butter,2,cheese,0.63505024,0.41827005
0.5196286,monkey,2,squirrel,0.6207819,0.37512726
0.11397047,pot,2,potato,0.453036,0.09665948
0.48978606,tractor,2,bulldozer,0.63984144,0.4197386
0.42442816,worm,2,snail,0.67712575,0.44698757
0.56486183,coconut,2,acorn,0.58976936,0.3629641
0.1446913,dresser,2,balloon,0.30129942,0.105216205
0.5258137,kite,2,balloon,0.5382597,0.283907
0.18507484,sock,2,bathtub,0.27169853,-0.043510795
0.56878716,shower,2,bathtub,0.6281151,0.36978287
0.15192384,ladybug,2,camel,0.23208481,-0.16108155
0.49609694,elephant,2,camel,0.58339655,0.2956375
0.14749114,zipper,2,cloud,0.31638938,0.087739706
0.49851853,tree,2,cloud,0.46659446,0.13810235
0.28419915,seahorse,2,crow,0.34064674,0.15641236
0.44848585,penguin,2,crow,0.58597285,0.38268113
0.2521048,butterfly,2,duck,0.4867516,0.20023757
0.31231463,chicken,2,duck,0.6661704,0.23129928
0.28419557,walrus,2,lizard,0.40344632,0.15575242
0.5539709,snake,2,lizard,0.75647146,0.4443819
0.34795734,airplane,2,truck,0.5144964,0.12668175
0.17736118,car,2,truck,0.6546151,0.48137903
0.5868605,turkey,3,swan,0.5913511,0.376325
0.4174334,turtle,3,horse,0.6085879,0.064415336
0.36521873,cheese,3,mud,0.5458084,0.3848734
0.50391126,squirrel,3,eagle,0.61202276,0.22505218
0.34725094,potato,3,glasses,0.52238095,0.21958125
0.42723566,bulldozer,3,orange,0.51420027,0.20334399
0.41355044,snail,3,cow,0.51517123,-0.009503007
0.37747133,acorn,3,key,0.59293157,0.17439663
0.50186795,turkey,3,goat,0.5928489,0.3312568
0.63504094,turtle,3,frog,0.7727637,0.42830938
0.7269669,cheese,3,butter,0.8124977,0.5340904
0.6264313,squirrel,3,monkey,0.6998864,0.3981545
0.41807657,potato,3,pot,0.63952154,0.17346144
0.56554496,bulldozer,3,tractor,0.78264296,0.2518903
0.6547805,snail,3,worm,0.7620031,0.39473683
0.69913214,acorn,3,coconut,0.7078799,0.41718787
0.31042817,balloon,3,dresser,0.5002621,0.20708126
0.65995926,balloon,3,kite,0.6165641,0.4641335
0.43539473,bathtub,3,sock,0.5256619,-0.033785105
0.6905875,bathtub,3,shower,0.785956,0.42633158
0.42489517,camel,3,ladybug,0.43666062,-0.02840352
0.6467404,camel,3,elephant,0.7751592,0.39915252
0.40200984,cloud,3,zipper,0.5260247,0.25340205
0.70731044,cloud,3,tree,0.65357614,0.37810463
0.47211668,crow,3,seahorse,0.512342,0.23140252
0.5418095,crow,3,penguin,0.7127603,0.30484104
0.4941681,duck,3,butterfly,0.6639401,0.25575775
0.5141517,duck,3,chicken,0.7662485,0.4171725
0.5413039,lizard,3,walrus,0.5239917,0.30767184
0.80032307,lizard,3,snake,0.8177128,0.43786663
0.46327737,truck,3,airplane,0.74519706,0.34215307
0.31907713,truck,3,car,0.8465188,0.17307734
0.5868605,swan,3,turkey,0.5913511,0.31038433
0.4174334,horse,3,turtle,0.6085879,0.20019299
0.36521873,mud,3,cheese,0.5458084,0.2314738
0.50391126,eagle,3,squirrel,0.61202276,0.17028397
0.34725094,glasses,3,potato,0.52238095,0.12505972
0.42723566,orange,3,bulldozer,0.51420027,0.21209884
0.41355044,cow,3,snail,0.51517123,0.26060706
0.37747133,key,3,acorn,0.59293157,0.34614038
0.50186795,goat,3,turkey,0.5928489,0.32162595
0.63504094,frog,3,turtle,0.7727637,0.39828157
0.7269669,butter,3,cheese,0.8124977,0.3786121
0.6264313,monkey,3,squirrel,0.6998864,0.35765743
0.41807657,pot,3,potato,0.63952154,0.36712158
0.56554496,tractor,3,bulldozer,0.78264296,0.46884388
0.6547805,worm,3,snail,0.7620031,0.45588446
0.69913214,coconut,3,acorn,0.7078799,0.40627187
0.31042817,dresser,3,balloon,0.5002621,0.25612992
0.65995926,kite,3,balloon,0.6165641,0.31675267
0.43539473,sock,3,bathtub,0.5256619,0.28455758
0.6905875,shower,3,bathtub,0.785956,0.39242387
0.42489517,ladybug,3,camel,0.43666062,0.086885154
0.6467404,elephant,3,camel,0.7751592,0.38435966
0.40200984,zipper,3,cloud,0.5260247,0.22281611
0.70731044,tree,3,cloud,0.65357614,0.3003496
0.47211668,seahorse,3,crow,0.512342,0.22243166
0.5418095,penguin,3,crow,0.7127603,0.33426815
0.4941681,butterfly,3,duck,0.6639401,0.3240499
0.5141517,chicken,3,duck,0.7662485,0.31550336
0.5413039,walrus,3,lizard,0.5239917,0.24259245
0.80032307,snake,3,lizard,0.8177128,0.47306395
0.46327737,airplane,3,truck,0.74519706,0.25182295
0.31907713,car,3,truck,0.8465188,0.5055854
0.6059584,turkey,4,swan,0.70176315,0.3688228
0.49258277,turtle,4,horse,0.66493344,0.1678487
0.45788723,cheese,4,mud,0.5437765,0.37582153
0.5349696,squirrel,4,eagle,0.67617667,0.16906422
0.42491674,potato,4,glasses,0.553251,0.19562435
0.499074,bulldozer,4,orange,0.59583193,0.24686068
0.4619856,snail,4,cow,0.6070621,0.14126027
0.38610733,acorn,4,key,0.6240485,0.18072069
0.56351924,turkey,4,goat,0.6432665,0.33117354
0.64223117,turtle,4,frog,0.7903417,0.44472158
0.7495217,cheese,4,butter,0.8134024,0.52269644
0.6509497,squirrel,4,monkey,0.7444799,0.37486708
0.43219495,potato,4,pot,0.666228,0.17763466
0.6091455,bulldozer,4,tractor,0.83333147,0.3204623
0.6013845,snail,4,worm,0.80115175,0.40102363
0.7210924,acorn,4,coconut,0.7100632,0.39979511
0.3948139,balloon,4,dresser,0.62209296,0.20701087
0.668947,balloon,4,kite,0.7227832,0.46045697
0.48680237,bathtub,4,sock,0.5761497,0.10062772
0.72365874,bathtub,4,shower,0.8200583,0.385275
0.46084,camel,4,ladybug,0.54694825,0.13118291
0.66935045,camel,4,elephant,0.76670116,0.3770091
0.48401088,cloud,4,zipper,0.553452,0.27890658
0.73228496,cloud,4,tree,0.7206835,0.40251064
0.4719315,crow,4,seahorse,0.5275805,0.2586496
0.60519564,crow,4,penguin,0.75407994,0.35050714
0.5111141,duck,4,butterfly,0.6700782,0.30450505
0.58436793,duck,4,chicken,0.80454046,0.439211
0.5263627,lizard,4,walrus,0.5145244,0.27113712
0.8070602,lizard,4,snake,0.843634,0.45177782
0.52151257,truck,4,airplane,0.76568186,0.33690912
0.3913948,truck,4,car,0.84024554,0.21338016
0.6059584,swan,4,turkey,0.70176315,0.38286972
0.49258277,horse,4,turtle,0.66493344,0.23754025
0.45788723,mud,4,cheese,0.5437765,0.2291575
0.5349696,eagle,4,squirrel,0.67617667,0.28097045
0.42491674,glasses,4,potato,0.553251,0.23194689
0.499074,orange,4,bulldozer,0.59583193,0.2717356
0.4619856,cow,4,snail,0.6070621,0.3053636
0.38610733,key,4,acorn,0.6240485,0.32782447
0.56351924,goat,4,turkey,0.6432665,0.35497433
0.64223117,frog,4,turtle,0.7903417,0.38678437
0.7495217,butter,4,cheese,0.8134024,0.40398043
0.6509497,monkey,4,squirrel,0.7444799,0.41979945
0.43219495,pot,4,potato,0.666228,0.48197067
0.6091455,tractor,4,bulldozer,0.83333147,0.46115392
0.6013845,worm,4,snail,0.80115175,0.41800028
0.7210924,coconut,4,acorn,0.7100632,0.4262377
0.3948139,dresser,4,balloon,0.62209296,0.26584828
0.668947,kite,4,balloon,0.7227832,0.34745973
0.48680237,sock,4,bathtub,0.5761497,0.3091709
0.72365874,shower,4,bathtub,0.8200583,0.46335894
0.46084,ladybug,4,camel,0.54694825,0.19072026
0.66935045,elephant,4,camel,0.76670116,0.36010355
0.48401088,zipper,4,cloud,0.553452,0.25502747
0.73228496,tree,4,cloud,0.7206835,0.33778775
0.4719315,seahorse,4,crow,0.5275805,0.18074
0.60519564,penguin,4,crow,0.75407994,0.36702502
0.5111141,butterfly,4,duck,0.6700782,0.2398817
0.58436793,chicken,4,duck,0.80454046,0.3322698
0.5263627,walrus,4,lizard,0.5145244,0.18485916
0.8070602,snake,4,lizard,0.843634,0.4646393
0.52151257,airplane,4,truck,0.76568186,0.31482166
0.3913948,car,4,truck,0.84024554,0.49974942
0.6055026,turkey,5,swan,0.65421844,0.35445195
0.5169837,turtle,5,horse,0.67116135,0.16529787
0.44129193,cheese,5,mud,0.5996318,0.346393
0.5712918,squirrel,5,eagle,0.6799035,0.21473235
0.4635205,potato,5,glasses,0.53085333,0.2012316
0.532279,bulldozer,5,orange,0.5295256,0.1392129
0.4963355,snail,5,cow,0.6084087,0.0997929
0.43363333,acorn,5,key,0.59325105,0.17946506
0.58443546,turkey,5,goat,0.63931215,0.29688346
0.68698794,turtle,5,frog,0.7950267,0.44549692
0.6809824,cheese,5,butter,0.789523,0.49311733
0.65910864,squirrel,5,monkey,0.7472884,0.39648277
0.4955992,potato,5,pot,0.64760786,0.25862354
0.6356625,bulldozer,5,tractor,0.7556817,0.29637355
0.6671513,snail,5,worm,0.7496333,0.38188428
0.73768395,acorn,5,coconut,0.70375925,0.41295558
0.42880905,balloon,5,dresser,0.5726123,0.19423825
0.6496164,balloon,5,kite,0.7036432,0.44305736
0.53562087,bathtub,5,sock,0.6161046,0.1372295
0.6996642,bathtub,5,shower,0.812628,0.3741457
0.47578973,camel,5,ladybug,0.54819435,0.06550288
0.6656626,camel,5,elephant,0.7754997,0.39615458
0.52698797,cloud,5,zipper,0.567063,0.27643782
0.7265581,cloud,5,tree,0.6974852,0.38417011
0.5047545,crow,5,seahorse,0.4926907,0.19460303
0.6632617,crow,5,penguin,0.7301106,0.35105574
0.5478417,duck,5,butterfly,0.679347,0.27782774
0.58530086,duck,5,chicken,0.80711,0.43575114
0.525597,lizard,5,walrus,0.555622,0.22359127
0.8042202,lizard,5,snake,0.83418584,0.4105276
0.50273424,truck,5,airplane,0.74334234,0.30604678
0.4082322,truck,5,car,0.83124727,0.17288673
0.6055026,swan,5,turkey,0.65421844,0.2999732
0.5169837,horse,5,turtle,0.67116135,0.23418069
0.44129193,mud,5,cheese,0.5996318,0.25361013
0.5712918,eagle,5,squirrel,0.6799035,0.24181235
0.4635205,glasses,5,potato,0.53085333,0.16274315
0.532279,orange,5,bulldozer,0.5295256,0.3122915
0.4963355,cow,5,snail,0.6084087,0.24906045
0.43363333,key,5,acorn,0.59325105,0.37103313
0.58443546,goat,5,turkey,0.63931215,0.30540806
0.68698794,frog,5,turtle,0.7950267,0.38424474
0.6809824,butter,5,cheese,0.789523,0.38481134
0.65910864,monkey,5,squirrel,0.7472884,0.34753865
0.4955992,pot,5,potato,0.64760786,0.3175437
0.6356625,tractor,5,bulldozer,0.7556817,0.41002208
0.6671513,worm,5,snail,0.7496333,0.45055127
0.73768395,coconut,5,acorn,0.70375925,0.42326188
0.42880905,dresser,5,balloon,0.5726123,0.24207401
0.6496164,kite,5,balloon,0.7036432,0.3477112
0.53562087,sock,5,bathtub,0.6161046,0.33638227
0.6996642,shower,5,bathtub,0.812628,0.43621242
0.47578973,ladybug,5,camel,0.54819435,0.11402327
0.6656626,elephant,5,camel,0.7754997,0.33620864
0.52698797,zipper,5,cloud,0.567063,0.17836833
0.7265581,tree,5,cloud,0.6974852,0.29150403
0.5047545,seahorse,5,crow,0.4926907,0.15669262
0.6632617,penguin,5,crow,0.7301106,0.36215824
0.5478417,butterfly,5,duck,0.679347,0.2937038
0.58530086,chicken,5,duck,0.80711,0.31302017
0.525597,walrus,5,lizard,0.555622,0.1586315
0.8042202,snake,5,lizard,0.83418584,0.46572882
0.50273424,airplane,5,truck,0.74334234,0.29887807
0.4082322,car,5,truck,0.83124727,0.5316483
0.67998165,turkey,6,swan,0.6718592,0.3596332
0.53143156,turtle,6,horse,0.7164056,0.2144661
0.5089454,cheese,6,mud,0.6371127,0.41494876
0.5940333,squirrel,6,eagle,0.74329,0.22660118
0.5107546,potato,6,glasses,0.59070575,0.23613888
0.53537774,bulldozer,6,orange,0.6428136,0.2591517
0.57952094,snail,6,cow,0.66355556,0.19243449
0.43384895,acorn,6,key,0.66312426,0.18112111
0.5874097,turkey,6,goat,0.687885,0.2947306
0.65964466,turtle,6,frog,0.830235,0.46182406
0.7530516,cheese,6,butter,0.7997941,0.51064765
0.7012568,squirrel,6,monkey,0.7842474,0.32204694
0.52230364,potato,6,pot,0.6767651,0.20348495
0.6515379,bulldozer,6,tractor,0.8044132,0.3225925
0.7098752,snail,6,worm,0.79672444,0.39641368
0.6967608,acorn,6,coconut,0.7436712,0.39005107
0.4308265,balloon,6,dresser,0.6476491,0.19379556
0.6374474,balloon,6,kite,0.73715246,0.412955
0.52023536,bathtub,6,sock,0.65822005,0.14315677
0.7289132,bathtub,6,shower,0.8138634,0.40387362
0.48254302,camel,6,ladybug,0.5628195,0.16574568
0.66663086,camel,6,elephant,0.773428,0.38322157
0.5715694,cloud,6,zipper,0.5941919,0.2504707
0.74759775,cloud,6,tree,0.73502904,0.403346
0.51578754,crow,6,seahorse,0.53480345,0.22101521
0.6312922,crow,6,penguin,0.77587503,0.35654563
0.555615,duck,6,butterfly,0.68191874,0.29969501
0.64673173,duck,6,chicken,0.80746615,0.44218665
0.5830243,lizard,6,walrus,0.57088435,0.2921855
0.8140853,lizard,6,snake,0.86120784,0.44069147
0.5583331,truck,6,airplane,0.7867249,0.35884053
0.3987996,truck,6,car,0.87090063,0.23833978
0.67998165,swan,6,turkey,0.6718592,0.35515696
0.53143156,horse,6,turtle,0.7164056,0.27708864
0.5089454,mud,6,cheese,0.6371127,0.25833517
0.5940333,eagle,6,squirrel,0.74329,0.30010134
0.5107546,glasses,6,potato,0.59070575,0.26620966
0.53537774,orange,6,bulldozer,0.6428136,0.2980963
0.57952094,cow,6,snail,0.66355556,0.30371344
0.43384895,key,6,acorn,0.66312426,0.43813264
0.5874097,goat,6,turkey,0.687885,0.3292724
0.65964466,frog,6,turtle,0.830235,0.33948714
0.7530516,butter,6,cheese,0.7997941,0.40667206
0.7012568,monkey,6,squirrel,0.7842474,0.41817802
0.52230364,pot,6,potato,0.6767651,0.42232758
0.6515379,tractor,6,bulldozer,0.8044132,0.4378602
0.7098752,worm,6,snail,0.79672444,0.4358235
0.6967608,coconut,6,acorn,0.7436712,0.4231838
0.4308265,dresser,6,balloon,0.6476491,0.28552026
0.6374474,kite,6,balloon,0.73715246,0.35126317
0.52023536,sock,6,bathtub,0.65822005,0.3945164
0.7289132,shower,6,bathtub,0.8138634,0.45922172
0.48254302,ladybug,6,camel,0.5628195,0.14757097
0.66663086,elephant,6,camel,0.773428,0.35177195
0.5715694,zipper,6,cloud,0.5941919,0.23887289
0.74759775,tree,6,cloud,0.73502904,0.31530923
0.51578754,seahorse,6,crow,0.53480345,0.15657204
0.6312922,penguin,6,crow,0.77587503,0.35317403
0.555615,butterfly,6,duck,0.68191874,0.29321373
0.64673173,chicken,6,duck,0.80746615,0.3199268
0.5830243,walrus,6,lizard,0.57088435,0.21223277
0.8140853,snake,6,lizard,0.86120784,0.4552316
0.5583331,airplane,6,truck,0.7867249,0.35638493
0.3987996,car,6,truck,0.87090063,0.5007088
0.665938,turkey,7,swan,0.7292603,0.40171468
0.56060153,turtle,7,horse,0.740895,0.19472021
0.44397482,cheese,7,mud,0.64169914,0.40209883
0.5988708,squirrel,7,eagle,0.68099993,0.23179758
0.5073762,potato,7,glasses,0.566906,0.2136721
0.5461189,bulldozer,7,orange,0.5941822,0.2469135
0.5699108,snail,7,cow,0.6355751,0.17527497
0.47056624,acorn,7,key,0.6491796,0.22496313
0.58482057,turkey,7,goat,0.7304641,0.3502633
0.7156437,turtle,7,frog,0.84627455,0.457147
0.7467167,cheese,7,butter,0.82213324,0.5181788
0.64941,squirrel,7,monkey,0.76789504,0.30672532
0.50572896,potato,7,pot,0.69934505,0.15540361
0.65508723,bulldozer,7,tractor,0.7988124,0.322991
0.6425844,snail,7,worm,0.8145279,0.3839243
0.70886976,acorn,7,coconut,0.7428593,0.4164886
0.4176508,balloon,7,dresser,0.6131889,0.23544955
0.63177603,balloon,7,kite,0.71414465,0.42966992
0.4972726,bathtub,7,sock,0.65325904,0.16364819
0.75027007,bathtub,7,shower,0.8143058,0.39935434
0.52246565,camel,7,ladybug,0.5448919,0.12518108
0.7105075,camel,7,elephant,0.79436576,0.365178
0.5871834,cloud,7,zipper,0.5784893,0.31338412
0.76651776,cloud,7,tree,0.73959535,0.3979301
0.514439,crow,7,seahorse,0.58352953,0.21657038
0.6706495,crow,7,penguin,0.78473455,0.3881374
0.551399,duck,7,butterfly,0.6998324,0.3220657
0.6325744,duck,7,chicken,0.8170986,0.42336905
0.5864914,lizard,7,walrus,0.5576225,0.26835716
0.7946907,lizard,7,snake,0.8512815,0.4149484
0.58281714,truck,7,airplane,0.78668183,0.34851384
0.45347354,truck,7,car,0.85740733,0.18899632
0.665938,swan,7,turkey,0.7292603,0.3454957
0.56060153,horse,7,turtle,0.740895,0.30199802
0.44397482,mud,7,cheese,0.64169914,0.19172299
0.5988708,eagle,7,squirrel,0.68099993,0.20259821
0.5073762,glasses,7,potato,0.566906,0.2473433
0.5461189,orange,7,bulldozer,0.5941822,0.2990722
0.5699108,cow,7,snail,0.6355751,0.32411796
0.47056624,key,7,acorn,0.6491796,0.4343207
0.58482057,goat,7,turkey,0.7304641,0.28511286
0.7156437,frog,7,turtle,0.84627455,0.39862186
0.7467167,butter,7,cheese,0.82213324,0.38467574
0.64941,monkey,7,squirrel,0.76789504,0.40592068
0.50572896,pot,7,potato,0.69934505,0.42487055
0.65508723,tractor,7,bulldozer,0.7988124,0.44179863
0.6425844,worm,7,snail,0.8145279,0.43887502
0.70886976,coconut,7,acorn,0.7428593,0.40863675
0.4176508,dresser,7,balloon,0.6131889,0.244492
0.63177603,kite,7,balloon,0.71414465,0.32729506
0.4972726,sock,7,bathtub,0.65325904,0.3105536
0.75027007,shower,7,bathtub,0.8143058,0.43839335
0.52246565,ladybug,7,camel,0.5448919,0.17869925
0.7105075,elephant,7,camel,0.79436576,0.3973813
0.5871834,zipper,7,cloud,0.5784893,0.22430873
0.76651776,tree,7,cloud,0.73959535,0.33835518
0.514439,seahorse,7,crow,0.58352953,0.18528426
0.6706495,penguin,7,crow,0.78473455,0.3608871
0.551399,butterfly,7,duck,0.6998324,0.3266806
0.6325744,chicken,7,duck,0.8170986,0.3406399
0.5864914,walrus,7,lizard,0.5576225,0.21085405
0.7946907,snake,7,lizard,0.8512815,0.4749291
0.58281714,airplane,7,truck,0.78668183,0.3574165
0.45347354,car,7,truck,0.85740733,0.5151667
0.612557,turkey,8,swan,0.7353925,0.37799418
0.5572121,turtle,8,horse,0.7325357,0.13507086
0.48918065,cheese,8,mud,0.6281575,0.3846134
0.5616563,squirrel,8,eagle,0.71034014,0.18233192
0.5208429,potato,8,glasses,0.6249131,0.20820028
0.5352248,bulldozer,8,orange,0.59707373,0.22421998
0.54582494,snail,8,cow,0.64867765,0.11816138
0.44690895,acorn,8,key,0.61662924,0.21467102
0.5941487,turkey,8,goat,0.72382045,0.37866312
0.7242352,turtle,8,frog,0.8160852,0.45279193
0.733972,cheese,8,butter,0.7942254,0.49755883
0.67171925,squirrel,8,monkey,0.78166467,0.3413903
0.5434605,potato,8,pot,0.73504525,0.25225687
0.6713037,bulldozer,8,tractor,0.82143116,0.32798195
0.6732397,snail,8,worm,0.8115491,0.38775277
0.7262443,acorn,8,coconut,0.7066966,0.39531517
0.43329653,balloon,8,dresser,0.6727624,0.30581433
0.6739418,balloon,8,kite,0.78516257,0.43710732
0.5310432,bathtub,8,sock,0.6582574,0.14722931
0.74669373,bathtub,8,shower,0.8171825,0.39957315
0.5173138,camel,8,ladybug,0.6007898,0.14060688
0.695459,camel,8,elephant,0.80937004,0.40704077
0.5785595,cloud,8,zipper,0.6102728,0.28037536
0.75508505,cloud,8,tree,0.7329012,0.41828263
0.521064,crow,8,seahorse,0.58475846,0.2442925
0.6672678,crow,8,penguin,0.78817964,0.387595
0.5861889,duck,8,butterfly,0.6974892,0.29109377
0.60802335,duck,8,chicken,0.8132363,0.36893153
0.59187496,lizard,8,walrus,0.5347112,0.25618196
0.8215197,lizard,8,snake,0.8787322,0.41855454
0.5919986,truck,8,airplane,0.780775,0.34432673
0.44058737,truck,8,car,0.86194015,0.23588443
0.612557,swan,8,turkey,0.7353925,0.31639725
0.5572121,horse,8,turtle,0.7325357,0.34073603
0.48918065,mud,8,cheese,0.6281575,0.20786351
0.5616563,eagle,8,squirrel,0.71034014,0.19759643
0.5208429,glasses,8,potato,0.6249131,0.2925114
0.5352248,orange,8,bulldozer,0.59707373,0.28309643
0.54582494,cow,8,snail,0.64867765,0.26864403
0.44690895,key,8,acorn,0.61662924,0.38263357
0.5941487,goat,8,turkey,0.72382045,0.28537506
0.7242352,frog,8,turtle,0.8160852,0.4001518
0.733972,butter,8,cheese,0.7942254,0.39115417
0.67171925,monkey,8,squirrel,0.78166467,0.39833266
0.5434605,pot,8,potato,0.73504525,0.44817406
0.6713037,tractor,8,bulldozer,0.82143116,0.44888812
0.6732397,worm,8,snail,0.8115491,0.41864496
0.7262443,coconut,8,acorn,0.7066966,0.44486886
0.43329653,dresser,8,balloon,0.6727624,0.24746937
0.6739418,kite,8,balloon,0.78516257,0.36266637
0.5310432,sock,8,bathtub,0.6582574,0.35443318
0.74669373,shower,8,bathtub,0.8171825,0.452327
0.5173138,ladybug,8,camel,0.6007898,0.2050556
0.695459,elephant,8,camel,0.80937004,0.3585698
0.5785595,zipper,8,cloud,0.6102728,0.21190572
0.75508505,tree,8,cloud,0.7329012,0.29379886
0.521064,seahorse,8,crow,0.58475846,0.13285077
0.6672678,penguin,8,crow,0.78817964,0.37459177
0.5861889,butterfly,8,duck,0.6974892,0.28667033
0.60802335,chicken,8,duck,0.8132363,0.32851595
0.59187496,walrus,8,lizard,0.5347112,0.20707715
0.8215197,snake,8,lizard,0.8787322,0.48455876
0.5919986,airplane,8,truck,0.780775,0.34293008
0.44058737,car,8,truck,0.86194015,0.52385193
0.6752628,turkey,10,swan,0.71854335,0.37925768
0.55500364,turtle,10,horse,0.7195977,0.18981034
0.53555715,cheese,10,mud,0.63088953,0.38304293
0.6033221,squirrel,10,eagle,0.7254065,0.27610952
0.54087853,potato,10,glasses,0.5921036,0.25352824
0.5277843,bulldozer,10,orange,0.6391429,0.25267237
0.57216525,snail,10,cow,0.6341385,0.111798406
0.45462745,acorn,10,key,0.6621668,0.24546611
0.6231125,turkey,10,goat,0.69825995,0.31532454
0.7128556,turtle,10,frog,0.81144935,0.46668178
0.79484683,cheese,10,butter,0.7947198,0.50950116
0.6846657,squirrel,10,monkey,0.7913124,0.3624556
0.47452214,potato,10,pot,0.6970102,0.14701271
0.6693724,bulldozer,10,tractor,0.8369999,0.3487451
0.67975473,snail,10,worm,0.78891945,0.3994285
0.69485295,acorn,10,coconut,0.76215076,0.41616547
0.44546252,balloon,10,dresser,0.63357794,0.19305563
0.6554405,balloon,10,kite,0.76200765,0.44635624
0.55577636,bathtub,10,sock,0.6254585,0.14118516
0.73088366,bathtub,10,shower,0.79936355,0.38081408
0.53928596,camel,10,ladybug,0.5344022,0.081116915
0.70447403,camel,10,elephant,0.79317683,0.39725423
0.6023853,cloud,10,zipper,0.5739074,0.29690558
0.7567647,cloud,10,tree,0.7320429,0.3997193
0.5347869,crow,10,seahorse,0.5618097,0.20490813
0.6567186,crow,10,penguin,0.76942027,0.35059327
0.5824406,duck,10,butterfly,0.728786,0.2777143
0.62078625,duck,10,chicken,0.8293665,0.36497223
0.59927976,lizard,10,walrus,0.49914446,0.24624187
0.7759676,lizard,10,snake,0.8384843,0.39589536
0.58957213,truck,10,airplane,0.7889467,0.39996308
0.4630055,truck,10,car,0.8612457,0.26054293
0.6752628,swan,10,turkey,0.71854335,0.36215013
0.55500364,horse,10,turtle,0.7195977,0.26682448
0.53555715,mud,10,cheese,0.63088953,0.21567047
0.6033221,eagle,10,squirrel,0.7254065,0.2448672
0.54087853,glasses,10,potato,0.5921036,0.25613624
0.5277843,orange,10,bulldozer,0.6391429,0.2511443
0.57216525,cow,10,snail,0.6341385,0.26261157
0.45462745,key,10,acorn,0.6621668,0.38362563
0.6231125,goat,10,turkey,0.69825995,0.33076966
0.7128556,frog,10,turtle,0.81144935,0.29913324
0.79484683,butter,10,cheese,0.7947198,0.38678747
0.6846657,monkey,10,squirrel,0.7913124,0.3942063
0.47452214,pot,10,potato,0.6970102,0.4805227
0.6693724,tractor,10,bulldozer,0.8369999,0.445574
0.67975473,worm,10,snail,0.78891945,0.4174279
0.69485295,coconut,10,acorn,0.76215076,0.42856663
0.44546252,dresser,10,balloon,0.63357794,0.23688865
0.6554405,kite,10,balloon,0.76200765,0.35240877
0.55577636,sock,10,bathtub,0.6254585,0.35467857
0.73088366,shower,10,bathtub,0.79936355,0.45143342
0.53928596,ladybug,10,camel,0.5344022,0.14213347
0.70447403,elephant,10,camel,0.79317683,0.36617982
0.6023853,zipper,10,cloud,0.5739074,0.18487668
0.7567647,tree,10,cloud,0.7320429,0.30859208
0.5347869,seahorse,10,crow,0.5618097,0.103666484
0.6567186,penguin,10,crow,0.76942027,0.31998503
0.5824406,butterfly,10,duck,0.728786,0.34592336
0.62078625,chicken,10,duck,0.8293665,0.3768205
0.59927976,walrus,10,lizard,0.49914446,0.1451971
0.7759676,snake,10,lizard,0.8384843,0.45776403
0.58957213,airplane,10,truck,0.7889467,0.29081756
0.4630055,car,10,truck,0.8612457,0.45961487
0.6458338,turkey,11,swan,0.7440865,0.3660167
0.56245124,turtle,11,horse,0.73483586,0.18952662
0.52024895,cheese,11,mud,0.63373756,0.37083656
0.574155,squirrel,11,eagle,0.7293689,0.19762945
0.5398998,potato,11,glasses,0.6178195,0.24292701
0.5315586,bulldozer,11,orange,0.6472354,0.27542126
0.5946417,snail,11,cow,0.6705025,0.16036451
0.46138766,acorn,11,key,0.6499997,0.28490788
0.63017315,turkey,11,goat,0.7037435,0.29942662
0.6648327,turtle,11,frog,0.8444408,0.43052977
0.7994148,cheese,11,butter,0.8239491,0.513992
0.672136,squirrel,11,monkey,0.7998744,0.34094292
0.5387599,potato,11,pot,0.6893636,0.21211278
0.66291314,bulldozer,11,tractor,0.8218358,0.34190524
0.6859383,snail,11,worm,0.7895897,0.37300158
0.72264516,acorn,11,coconut,0.7606625,0.3993556
0.46161357,balloon,11,dresser,0.66685486,0.2959298
0.62799454,balloon,11,kite,0.77018523,0.44476533
0.5588455,bathtub,11,sock,0.6475539,0.19987065
0.7525122,bathtub,11,shower,0.80866617,0.3748449
0.5703793,camel,11,ladybug,0.6230197,0.15236074
0.70334584,camel,11,elephant,0.8316569,0.39037436
0.5707835,cloud,11,zipper,0.5940667,0.3379336
0.7587043,cloud,11,tree,0.72408354,0.41395456
0.5525351,crow,11,seahorse,0.63422453,0.26093495
0.69175804,crow,11,penguin,0.78967,0.3593195
0.5715454,duck,11,butterfly,0.72690946,0.24416643
0.61951154,duck,11,chicken,0.8325269,0.37594593
0.5880089,lizard,11,walrus,0.57639176,0.25591546
0.7894524,lizard,11,snake,0.8658543,0.40286112
0.60629654,truck,11,airplane,0.7941684,0.37687266
0.46113998,truck,11,car,0.86295384,0.2510304
0.6458338,swan,11,turkey,0.7440865,0.3506232
0.56245124,horse,11,turtle,0.73483586,0.26962537
0.52024895,mud,11,cheese,0.63373756,0.23116708
0.574155,eagle,11,squirrel,0.7293689,0.25660175
0.5398998,glasses,11,potato,0.6178195,0.2807517
0.5315586,orange,11,bulldozer,0.6472354,0.313551
0.5946417,cow,11,snail,0.6705025,0.26705366
0.46138766,key,11,acorn,0.6499997,0.33262134
0.63017315,goat,11,turkey,0.7037435,0.3291623
0.6648327,frog,11,turtle,0.8444408,0.37941027
0.7994148,butter,11,cheese,0.8239491,0.39919317
0.672136,monkey,11,squirrel,0.7998744,0.39210874
0.5387599,pot,11,potato,0.6893636,0.4457546
0.66291314,tractor,11,bulldozer,0.8218358,0.44030887
0.6859383,worm,11,snail,0.7895897,0.43424493
0.72264516,coconut,11,acorn,0.7606625,0.42880893
0.46161357,dresser,11,balloon,0.66685486,0.26152432
0.62799454,kite,11,balloon,0.77018523,0.33340406
0.5588455,sock,11,bathtub,0.6475539,0.36375338
0.7525122,shower,11,bathtub,0.80866617,0.4335177
0.5703793,ladybug,11,camel,0.6230197,0.23994642
0.70334584,elephant,11,camel,0.8316569,0.3674357
0.5707835,zipper,11,cloud,0.5940667,0.19416231
0.7587043,tree,11,cloud,0.72408354,0.30523932
0.5525351,seahorse,11,crow,0.63422453,0.19889277
0.69175804,penguin,11,crow,0.78967,0.3380543
0.5715454,butterfly,11,duck,0.72690946,0.31845218
0.61951154,chicken,11,duck,0.8325269,0.33687377
0.5880089,walrus,11,lizard,0.57639176,0.16169184
0.7894524,snake,11,lizard,0.8658543,0.4741252
0.60629654,airplane,11,truck,0.7941684,0.3226875
0.46113998,car,11,truck,0.86295384,0.48259193
0.6870092,turkey,13,swan,0.7354852,0.3664238
0.57479435,turtle,13,horse,0.7658653,0.22868067
0.4985887,cheese,13,mud,0.61824536,0.38121986
0.59884083,squirrel,13,eagle,0.68663496,0.21958405
0.5433524,potato,13,glasses,0.6489894,0.23073757
0.55669,bulldozer,13,orange,0.6626682,0.28116864
0.5755148,snail,13,cow,0.6689437,0.1379615
0.50113,acorn,13,key,0.6707358,0.29327226
0.65715003,turkey,13,goat,0.70269877,0.3287139
0.72661114,turtle,13,frog,0.84609026,0.4398656
0.7950118,cheese,13,butter,0.8308212,0.46229994
0.6676155,squirrel,13,monkey,0.7909701,0.32752675
0.53851783,potato,13,pot,0.6898901,0.18133736
0.65189666,bulldozer,13,tractor,0.8324692,0.36200988
0.70050734,snail,13,worm,0.82307094,0.3689388
0.6814183,acorn,13,coconut,0.7456581,0.4121098
0.49770856,balloon,13,dresser,0.6485043,0.27095485
0.6990846,balloon,13,kite,0.74274087,0.44361228
0.55876684,bathtub,13,sock,0.6278576,0.19453329
0.71870536,bathtub,13,shower,0.79244834,0.38630623
0.53998715,camel,13,ladybug,0.61387306,0.15715688
0.6499271,camel,13,elephant,0.8172988,0.37448382
0.57891226,cloud,13,zipper,0.5635521,0.3441645
0.7589853,cloud,13,tree,0.7484604,0.3880512
0.5465852,crow,13,seahorse,0.6067706,0.21652687
0.6825608,crow,13,penguin,0.78080744,0.34991187
0.55958766,duck,13,butterfly,0.72173744,0.22526288
0.5902225,duck,13,chicken,0.83855903,0.36690217
0.5294353,lizard,13,walrus,0.60484535,0.26294374
0.757722,lizard,13,snake,0.86668324,0.42713195
0.60736597,truck,13,airplane,0.78031844,0.34545314
0.48314798,truck,13,car,0.8696105,0.3161962
0.6870092,swan,13,turkey,0.7354852,0.32514858
0.57479435,horse,13,turtle,0.7658653,0.29342812
0.4985887,mud,13,cheese,0.61824536,0.30865973
0.59884083,eagle,13,squirrel,0.68663496,0.17818654
0.5433524,glasses,13,potato,0.6489894,0.30187595
0.55669,orange,13,bulldozer,0.6626682,0.2818724
0.5755148,cow,13,snail,0.6689437,0.26109248
0.50113,key,13,acorn,0.6707358,0.37661052
0.65715003,goat,13,turkey,0.70269877,0.29730433
0.72661114,frog,13,turtle,0.84609026,0.38023955
0.7950118,butter,13,cheese,0.8308212,0.43100315
0.6676155,monkey,13,squirrel,0.7909701,0.39238238
0.53851783,pot,13,potato,0.6898901,0.44883072
0.65189666,tractor,13,bulldozer,0.8324692,0.43335944
0.70050734,worm,13,snail,0.82307094,0.46319777
0.6814183,coconut,13,acorn,0.7456581,0.4269508
0.49770856,dresser,13,balloon,0.6485043,0.2827034
0.6990846,kite,13,balloon,0.74274087,0.34268028
0.55876684,sock,13,bathtub,0.6278576,0.34546167
0.71870536,shower,13,bathtub,0.79244834,0.4534266
0.53998715,ladybug,13,camel,0.61387306,0.15151829
0.6499271,elephant,13,camel,0.8172988,0.37473524
0.57891226,zipper,13,cloud,0.5635521,0.20483679
0.7589853,tree,13,cloud,0.7484604,0.28899318
0.5465852,seahorse,13,crow,0.6067706,0.21329606
0.6825608,penguin,13,crow,0.78080744,0.33698303
0.55958766,butterfly,13,duck,0.72173744,0.31225657
0.5902225,chicken,13,duck,0.83855903,0.356816
0.5294353,walrus,13,lizard,0.60484535,0.20464313
0.757722,snake,13,lizard,0.86668324,0.43409055
0.60736597,airplane,13,truck,0.78031844,0.35010886
0.48314798,car,13,truck,0.8696105,0.45001
0.6795286,turkey,15,swan,0.7284362,0.36642802
0.6233639,turtle,15,horse,0.7564132,0.28254724
0.56481874,cheese,15,mud,0.6883854,0.43847656
0.6422845,squirrel,15,eagle,0.7092111,0.26794875
0.5254741,potato,15,glasses,0.59640145,0.28731322
0.5288693,bulldozer,15,orange,0.63424414,0.25679624
0.62686735,snail,15,cow,0.6918818,0.20455003
0.5092571,acorn,15,key,0.67329025,0.2957381
0.64049065,turkey,15,goat,0.71504754,0.32006478
0.7205542,turtle,15,frog,0.86134964,0.45661044
0.74592656,cheese,15,butter,0.86536866,0.5188954
0.69728214,squirrel,15,monkey,0.7796869,0.35601944
0.58006465,potato,15,pot,0.6942577,0.3049444
0.6634935,bulldozer,15,tractor,0.82643074,0.3262996
0.70004463,snail,15,worm,0.8018317,0.37169415
0.6917906,acorn,15,coconut,0.7578395,0.4121871
0.51951283,balloon,15,dresser,0.6421803,0.25941265
0.70518255,balloon,15,kite,0.7613427,0.4414029
0.57749045,bathtub,15,sock,0.6668433,0.19098127
0.7943693,bathtub,15,shower,0.8312078,0.38543856
0.55721474,camel,15,ladybug,0.65736926,0.18560112
0.69886404,camel,15,elephant,0.8247009,0.40225273
0.60239387,cloud,15,zipper,0.58156335,0.33470005
0.7526387,cloud,15,tree,0.7293404,0.41219324
0.5691449,crow,15,seahorse,0.57336986,0.24374366
0.7043262,crow,15,penguin,0.7730328,0.34251952
0.5636043,duck,15,butterfly,0.72671676,0.27648473
0.6231524,duck,15,chicken,0.8200499,0.39964586
0.5686213,lizard,15,walrus,0.5778997,0.2662052
0.79118377,lizard,15,snake,0.8705309,0.42869842
0.6187245,truck,15,airplane,0.7937685,0.4026873
0.49466813,truck,15,car,0.8703804,0.27776688
0.6795286,swan,15,turkey,0.7284362,0.34918427
0.6233639,horse,15,turtle,0.7564132,0.2996993
0.56481874,mud,15,cheese,0.6883854,0.28177947
0.6422845,eagle,15,squirrel,0.7092111,0.2722698
0.5254741,glasses,15,potato,0.59640145,0.20448214
0.5288693,orange,15,bulldozer,0.63424414,0.27900147
0.62686735,cow,15,snail,0.6918818,0.23994553
0.5092571,key,15,acorn,0.67329025,0.37571543
0.64049065,goat,15,turkey,0.71504754,0.3139115
0.7205542,frog,15,turtle,0.86134964,0.38154775
0.74592656,butter,15,cheese,0.86536866,0.37407148
0.69728214,monkey,15,squirrel,0.7796869,0.378384
0.58006465,pot,15,potato,0.6942577,0.41142577
0.6634935,tractor,15,bulldozer,0.82643074,0.44995278
0.70004463,worm,15,snail,0.8018317,0.4287873
0.6917906,coconut,15,acorn,0.7578395,0.42811924
0.51951283,dresser,15,balloon,0.6421803,0.3033533
0.70518255,kite,15,balloon,0.7613427,0.3476457
0.57749045,sock,15,bathtub,0.6668433,0.36323512
0.7943693,shower,15,bathtub,0.8312078,0.49334925
0.55721474,ladybug,15,camel,0.65736926,0.25339478
0.69886404,elephant,15,camel,0.8247009,0.36471295
0.60239387,zipper,15,cloud,0.58156335,0.19081396
0.7526387,tree,15,cloud,0.7293404,0.28901404
0.5691449,seahorse,15,crow,0.57336986,0.20872402
0.7043262,penguin,15,crow,0.7730328,0.36537725
0.5636043,butterfly,15,duck,0.72671676,0.31789958
0.6231524,chicken,15,duck,0.8200499,0.34298587
0.5686213,walrus,15,lizard,0.5778997,0.16814244
0.79118377,snake,15,lizard,0.8705309,0.45862204
0.6187245,airplane,15,truck,0.7937685,0.3174278
0.49466813,car,15,truck,0.8703804,0.48209554
0.6557468,turkey,17,swan,0.7920341,0.36979383
0.60395867,turtle,17,horse,0.7806591,0.23383605
0.51831824,cheese,17,mud,0.6598548,0.36623198
0.6363626,squirrel,17,eagle,0.74706405,0.21185708
0.57677835,potato,17,glasses,0.6380154,0.27814758
0.5587105,bulldozer,17,orange,0.6852656,0.2606051
0.6175095,snail,17,cow,0.7288791,0.18828773
0.51918995,acorn,17,key,0.7131339,0.2761147
0.66291845,turkey,17,goat,0.7453734,0.3253075
0.7151502,turtle,17,frog,0.8494452,0.4417715
0.7623235,cheese,17,butter,0.84531605,0.50537395
0.6973728,squirrel,17,monkey,0.79872674,0.31815213
0.564555,potato,17,pot,0.71847993,0.27132475
0.6523758,bulldozer,17,tractor,0.8529208,0.32450706
0.6560507,snail,17,worm,0.8215618,0.33730102
0.69574845,acorn,17,coconut,0.77016616,0.37565672
0.48633286,balloon,17,dresser,0.6793973,0.25396585
0.6781931,balloon,17,kite,0.7870457,0.42037135
0.56834733,bathtub,17,sock,0.6521692,0.17819381
0.76572776,bathtub,17,shower,0.8037417,0.3785147
0.55398023,camel,17,ladybug,0.65402997,0.18191868
0.7183998,camel,17,elephant,0.83578056,0.3889361
0.59399354,cloud,17,zipper,0.5976851,0.3128708
0.7759899,cloud,17,tree,0.7669911,0.38254243
0.57955086,crow,17,seahorse,0.5614062,0.21753627
0.6985138,crow,17,penguin,0.7968067,0.33710718
0.55976284,duck,17,butterfly,0.7495738,0.31344092
0.58950645,duck,17,chicken,0.8544575,0.4242502
0.6050171,lizard,17,walrus,0.62164885,0.30079788
0.830676,lizard,17,snake,0.8554141,0.41934168
0.58969975,truck,17,airplane,0.80008185,0.35112435
0.487731,truck,17,car,0.86907136,0.27342469
0.6557468,swan,17,turkey,0.7920341,0.34674978
0.60395867,horse,17,turtle,0.7806591,0.30940896
0.51831824,mud,17,cheese,0.6598548,0.22356099
0.6363626,eagle,17,squirrel,0.74706405,0.31521177
0.57677835,glasses,17,potato,0.6380154,0.28350908
0.5587105,orange,17,bulldozer,0.6852656,0.29526776
0.6175095,cow,17,snail,0.7288791,0.26843685
0.51918995,key,17,acorn,0.7131339,0.42001218
0.66291845,goat,17,turkey,0.7453734,0.32427877
0.7151502,frog,17,turtle,0.8494452,0.381576
0.7623235,butter,17,cheese,0.84531605,0.389803
0.6973728,monkey,17,squirrel,0.79872674,0.41348517
0.564555,pot,17,potato,0.71847993,0.40648234
0.6523758,tractor,17,bulldozer,0.8529208,0.47116345
0.6560507,worm,17,snail,0.8215618,0.47022384
0.69574845,coconut,17,acorn,0.77016616,0.44894242
0.48633286,dresser,17,balloon,0.6793973,0.33013994
0.6781931,kite,17,balloon,0.7870457,0.36739862
0.56834733,sock,17,bathtub,0.6521692,0.36224312
0.76572776,shower,17,bathtub,0.8037417,0.4806819
0.55398023,ladybug,17,camel,0.65402997,0.1385315
0.7183998,elephant,17,camel,0.83578056,0.38693154
0.59399354,zipper,17,cloud,0.5976851,0.19908422
0.7759899,tree,17,cloud,0.7669911,0.34143215
0.57955086,seahorse,17,crow,0.5614062,0.08855575
0.6985138,penguin,17,crow,0.7968067,0.36772907
0.55976284,butterfly,17,duck,0.7495738,0.3140077
0.58950645,chicken,17,duck,0.8544575,0.31161016
0.6050171,walrus,17,lizard,0.62164885,0.24426425
0.830676,snake,17,lizard,0.8554141,0.45755166
0.58969975,airplane,17,truck,0.80008185,0.30747998
0.487731,car,17,truck,0.86907136,0.45529884
0.6848158,turkey,20,swan,0.7615939,0.364905
0.6054313,turtle,20,horse,0.75011265,0.20529884
0.5219309,cheese,20,mud,0.6660655,0.42897487
0.64921856,squirrel,20,eagle,0.74952435,0.27162582
0.5703807,potato,20,glasses,0.65258425,0.2704562
0.55685925,bulldozer,20,orange,0.64178914,0.25567865
0.60881275,snail,20,cow,0.71788514,0.19224584
0.51254207,acorn,20,key,0.6995276,0.25417387
0.6320643,turkey,20,goat,0.7515512,0.32632172
0.6991902,turtle,20,frog,0.8565476,0.46944845
0.72674227,cheese,20,butter,0.8125833,0.49173385
0.7213447,squirrel,20,monkey,0.81212246,0.3294776
0.56153774,potato,20,pot,0.74040276,0.25815892
0.67546093,bulldozer,20,tractor,0.832316,0.315525
0.68077826,snail,20,worm,0.8126056,0.3201568
0.6981772,acorn,20,coconut,0.7499235,0.3888417
0.50059354,balloon,20,dresser,0.6847157,0.3186314
0.6852124,balloon,20,kite,0.78178585,0.45225656
0.5423507,bathtub,20,sock,0.619687,0.16250926
0.7323978,bathtub,20,shower,0.79753727,0.3452735
0.5604722,camel,20,ladybug,0.6628683,0.24323559
0.71233946,camel,20,elephant,0.8171915,0.40071863
0.6033623,cloud,20,zipper,0.6376757,0.32407093
0.7735559,cloud,20,tree,0.7621131,0.39443815
0.5632327,crow,20,seahorse,0.615576,0.24863696
0.6834793,crow,20,penguin,0.81997025,0.36237657
0.58139384,duck,20,butterfly,0.71445453,0.27650505
0.6466399,duck,20,chicken,0.8227765,0.3989032
0.61583483,lizard,20,walrus,0.6326761,0.29386228
0.7838803,lizard,20,snake,0.8576681,0.4280805
0.6094071,truck,20,airplane,0.801181,0.38967067
0.46127513,truck,20,car,0.8769041,0.34518868
0.6848158,swan,20,turkey,0.7615939,0.35264724
0.6054313,horse,20,turtle,0.75011265,0.33757138
0.5219309,mud,20,cheese,0.6660655,0.20739031
0.64921856,eagle,20,squirrel,0.74952435,0.3113172
0.5703807,glasses,20,potato,0.65258425,0.2787797
0.55685925,orange,20,bulldozer,0.64178914,0.23828244
0.60881275,cow,20,snail,0.71788514,0.29238385
0.51254207,key,20,acorn,0.6995276,0.38731378
0.6320643,goat,20,turkey,0.7515512,0.31693304
0.6991902,frog,20,turtle,0.8565476,0.37197983
0.72674227,butter,20,cheese,0.8125833,0.3419749
0.7213447,monkey,20,squirrel,0.81212246,0.4376973
0.56153774,pot,20,potato,0.74040276,0.42931598
0.67546093,tractor,20,bulldozer,0.832316,0.45882863
0.68077826,worm,20,snail,0.8126056,0.46987724
0.6981772,coconut,20,acorn,0.7499235,0.42941326
0.50059354,dresser,20,balloon,0.6847157,0.2789837
0.6852124,kite,20,balloon,0.78178585,0.35537058
0.5423507,sock,20,bathtub,0.619687,0.3841387
0.7323978,shower,20,bathtub,0.79753727,0.5004403
0.5604722,ladybug,20,camel,0.6628683,0.21268058
0.71233946,elephant,20,camel,0.8171915,0.3635239
0.6033623,zipper,20,cloud,0.6376757,0.25077748
0.7735559,tree,20,cloud,0.7621131,0.33455658
0.5632327,seahorse,20,crow,0.615576,0.16728127
0.6834793,penguin,20,crow,0.81997025,0.39810967
0.58139384,butterfly,20,duck,0.71445453,0.3214183
0.6466399,chicken,20,duck,0.8227765,0.33012277
0.61583483,walrus,20,lizard,0.6326761,0.26604313
0.7838803,snake,20,lizard,0.8576681,0.43397033
0.6094071,airplane,20,truck,0.801181,0.33885068
0.46127513,car,20,truck,0.8769041,0.40900338
0.672254,turkey,23,swan,0.78993505,0.3436435
0.56318057,turtle,23,horse,0.79239225,0.266281
0.50147927,cheese,23,mud,0.72352093,0.35614777
0.65170985,squirrel,23,eagle,0.7730459,0.3084852
0.6054464,potato,23,glasses,0.6864935,0.33434522
0.5561128,bulldozer,23,orange,0.6908115,0.26179677
0.6324951,snail,23,cow,0.7299378,0.22757757
0.53455424,acorn,23,key,0.717304,0.26266485
0.6295054,turkey,23,goat,0.7674655,0.3233651
0.7010325,turtle,23,frog,0.8774034,0.45404786
0.7911913,cheese,23,butter,0.88429576,0.4874183
0.70661914,squirrel,23,monkey,0.8354512,0.36384332
0.56085813,potato,23,pot,0.7736284,0.30656314
0.69313836,bulldozer,23,tractor,0.8516247,0.31531048
0.6699573,snail,23,worm,0.81239676,0.31286788
0.6929582,acorn,23,coconut,0.7621372,0.36338192
0.47051847,balloon,23,dresser,0.68527395,0.28023195
0.64392126,balloon,23,kite,0.8033122,0.40912127
0.52247953,bathtub,23,sock,0.6746855,0.1406157
0.7432026,bathtub,23,shower,0.8040366,0.4067155
0.5904564,camel,23,ladybug,0.67194766,0.22708893
0.71295124,camel,23,elephant,0.80901396,0.39951587
0.58823574,cloud,23,zipper,0.7068073,0.29750973
0.7703443,cloud,23,tree,0.7876931,0.4213323
0.56725013,crow,23,seahorse,0.60854095,0.14549094
0.6719604,crow,23,penguin,0.7876677,0.28029615
0.5777015,duck,23,butterfly,0.7624172,0.31648433
0.62452734,duck,23,chicken,0.8463386,0.39023024
0.5762022,lizard,23,walrus,0.63804567,0.30633396
0.78071815,lizard,23,snake,0.88789815,0.41688615
0.6065738,truck,23,airplane,0.8334017,0.4217158
0.47102296,truck,23,car,0.912,0.3372414
0.672254,swan,23,turkey,0.78993505,0.35079026
0.56318057,horse,23,turtle,0.79239225,0.32980418
0.50147927,mud,23,cheese,0.72352093,0.2497114
0.65170985,eagle,23,squirrel,0.7730459,0.29574376
0.6054464,glasses,23,potato,0.6864935,0.30089903
0.5561128,orange,23,bulldozer,0.6908115,0.3086108
0.6324951,cow,23,snail,0.7299378,0.30377084
0.53455424,key,23,acorn,0.717304,0.41392154
0.6295054,goat,23,turkey,0.7674655,0.33474624
0.7010325,frog,23,turtle,0.8774034,0.39394182
0.7911913,butter,23,cheese,0.88429576,0.4296664
0.70661914,monkey,23,squirrel,0.8354512,0.39984518
0.56085813,pot,23,potato,0.7736284,0.38834262
0.69313836,tractor,23,bulldozer,0.8516247,0.4602341
0.6699573,worm,23,snail,0.81239676,0.46739042
0.6929582,coconut,23,acorn,0.7621372,0.4414339
0.47051847,dresser,23,balloon,0.68527395,0.2777953
0.64392126,kite,23,balloon,0.8033122,0.36726516
0.52247953,sock,23,bathtub,0.6746855,0.37774128
0.7432026,shower,23,bathtub,0.8040366,0.4417205
0.5904564,ladybug,23,camel,0.67194766,0.23742008
0.71295124,elephant,23,camel,0.80901396,0.36951375
0.58823574,zipper,23,cloud,0.7068073,0.25667763
0.7703443,tree,23,cloud,0.7876931,0.32290322
0.56725013,seahorse,23,crow,0.60854095,0.22486794
0.6719604,penguin,23,crow,0.7876677,0.3694272
0.5777015,butterfly,23,duck,0.7624172,0.30711502
0.62452734,chicken,23,duck,0.8463386,0.34042794
0.5762022,walrus,23,lizard,0.63804567,0.21877223
0.78071815,snake,23,lizard,0.88789815,0.47084183
0.6065738,airplane,23,truck,0.8334017,0.3072309
0.47102296,car,23,truck,0.912,0.48507118
0.6211809,turkey,26,swan,0.7726652,0.34592092
0.57006526,turtle,26,horse,0.7661761,0.21709055
0.53887963,cheese,26,mud,0.6874439,0.35545087
0.6498256,squirrel,26,eagle,0.7381676,0.21744156
0.59432155,potato,26,glasses,0.6613984,0.28756922
0.5699017,bulldozer,26,orange,0.688969,0.2646464
0.612614,snail,26,cow,0.7101592,0.24070513
0.52997136,acorn,26,key,0.6848873,0.21927899
0.60579926,turkey,26,goat,0.7352486,0.30282354
0.64003605,turtle,26,frog,0.87395483,0.4277928
0.8000083,cheese,26,butter,0.8358345,0.5038092
0.71697444,squirrel,26,monkey,0.7836817,0.35204577
0.60243326,potato,26,pot,0.7250173,0.24267668
0.67865604,bulldozer,26,tractor,0.85501385,0.30350858
0.6689201,snail,26,worm,0.8252247,0.34650677
0.72460514,acorn,26,coconut,0.77427363,0.3740523
0.5076396,balloon,26,dresser,0.67423517,0.22719854
0.67396307,balloon,26,kite,0.8300983,0.4218796
0.5343724,bathtub,26,sock,0.6713797,0.16448337
0.75659025,bathtub,26,shower,0.79951096,0.37462002
0.60984373,camel,26,ladybug,0.6830487,0.28833634
0.7224957,camel,26,elephant,0.8254564,0.39441437
0.6427954,cloud,26,zipper,0.68537176,0.33436418
0.7607794,cloud,26,tree,0.77279454,0.3951652
0.5763455,crow,26,seahorse,0.5967886,0.25528735
0.6931326,crow,26,penguin,0.79952866,0.36101246
0.6010286,duck,26,butterfly,0.7473746,0.27342957
0.6293187,duck,26,chicken,0.8667987,0.40585476
0.5884372,lizard,26,walrus,0.58821636,0.30349535
0.79797435,lizard,26,snake,0.8576601,0.42299747
0.62685716,truck,26,airplane,0.7977179,0.36091977
0.49347183,truck,26,car,0.85056853,0.22473145
0.6211809,swan,26,turkey,0.7726652,0.35090405
0.57006526,horse,26,turtle,0.7661761,0.3112042
0.53887963,mud,26,cheese,0.6874439,0.27380228
0.6498256,eagle,26,squirrel,0.7381676,0.30502003
0.59432155,glasses,26,potato,0.6613984,0.27807635
0.5699017,orange,26,bulldozer,0.688969,0.2915197
0.612614,cow,26,snail,0.7101592,0.2808658
0.52997136,key,26,acorn,0.6848873,0.3967924
0.60579926,goat,26,turkey,0.7352486,0.31193626
0.64003605,frog,26,turtle,0.87395483,0.34911346
0.8000083,butter,26,cheese,0.8358345,0.42204386
0.71697444,monkey,26,squirrel,0.7836817,0.4343248
0.60243326,pot,26,potato,0.7250173,0.4610759
0.67865604,tractor,26,bulldozer,0.85501385,0.48010135
0.6689201,worm,26,snail,0.8252247,0.46505904
0.72460514,coconut,26,acorn,0.77427363,0.44310123
0.5076396,dresser,26,balloon,0.67423517,0.322905
0.67396307,kite,26,balloon,0.8300983,0.38664937
0.5343724,sock,26,bathtub,0.6713797,0.36485845
0.75659025,shower,26,bathtub,0.79951096,0.45261145
0.60984373,ladybug,26,camel,0.6830487,0.23533952
0.7224957,elephant,26,camel,0.8254564,0.38653874
0.6427954,zipper,26,cloud,0.68537176,0.32983208
0.7607794,tree,26,cloud,0.77279454,0.3293674
0.5763455,seahorse,26,crow,0.5967886,0.106056154
0.6931326,penguin,26,crow,0.79952866,0.32135034
0.6010286,butterfly,26,duck,0.7473746,0.35754216
0.6293187,chicken,26,duck,0.8667987,0.36661685
0.5884372,walrus,26,lizard,0.58821636,0.06332171
0.79797435,snake,26,lizard,0.8576601,0.44466043
0.62685716,airplane,26,truck,0.7977179,0.30286384
0.49347183,car,26,truck,0.85056853,0.5141996
0.69474494,turkey,30,swan,0.7331953,0.36880785
0.6054798,turtle,30,horse,0.75580174,0.21170163
0.5416922,cheese,30,mud,0.6633995,0.40936345
0.65650743,squirrel,30,eagle,0.74236345,0.26165485
0.57254803,potato,30,glasses,0.66829103,0.29140913
0.5913925,bulldozer,30,orange,0.68549925,0.28011912
0.6349478,snail,30,cow,0.68933713,0.22950411
0.5384219,acorn,30,key,0.67485905,0.18605727
0.67849505,turkey,30,goat,0.72395855,0.34385288
0.6992856,turtle,30,frog,0.8630757,0.43696636
0.7877479,cheese,30,butter,0.8553315,0.53305554
0.6715629,squirrel,30,monkey,0.80726206,0.38364923
0.5825998,potato,30,pot,0.7344534,0.283103
0.67402154,bulldozer,30,tractor,0.85729885,0.32066065
0.69310844,snail,30,worm,0.82030135,0.34302568
0.7262084,acorn,30,coconut,0.75910085,0.40031886
0.52716213,balloon,30,dresser,0.7054826,0.26991957
0.6796213,balloon,30,kite,0.8052371,0.4700148
0.56790173,bathtub,30,sock,0.6619386,0.18640536
0.76307523,bathtub,30,shower,0.8128509,0.3760149
0.6467049,camel,30,ladybug,0.6643321,0.23686016
0.7171958,camel,30,elephant,0.8036947,0.40283054
0.6474803,cloud,30,zipper,0.62840575,0.31745464
0.7945202,cloud,30,tree,0.78708655,0.41647643
0.5639518,crow,30,seahorse,0.6035064,0.16826963
0.6815375,crow,30,penguin,0.7926386,0.3477292
0.5911295,duck,30,butterfly,0.7268386,0.24314094
0.6652881,duck,30,chicken,0.8461275,0.37601036
0.63954544,lizard,30,walrus,0.61935985,0.26888263
0.79756856,lizard,30,snake,0.8421637,0.40344852
0.6338626,truck,30,airplane,0.7994516,0.39832592
0.4637469,truck,30,car,0.87879825,0.27646953
0.69474494,swan,30,turkey,0.7331953,0.3221588
0.6054798,horse,30,turtle,0.75580174,0.34968942
0.5416922,mud,30,cheese,0.6633995,0.22646779
0.65650743,eagle,30,squirrel,0.74236345,0.25908703
0.57254803,glasses,30,potato,0.66829103,0.3078723
0.5913925,orange,30,bulldozer,0.68549925,0.3132202
0.6349478,cow,30,snail,0.68933713,0.2789101
0.5384219,key,30,acorn,0.67485905,0.3853358
0.67849505,goat,30,turkey,0.72395855,0.29332334
0.6992856,frog,30,turtle,0.8630757,0.3708501
0.7877479,butter,30,cheese,0.8553315,0.38975865
0.6715629,monkey,30,squirrel,0.80726206,0.34633332
0.5825998,pot,30,potato,0.7344534,0.4391237
0.67402154,tractor,30,bulldozer,0.85729885,0.4490869
0.69310844,worm,30,snail,0.82030135,0.4382732
0.7262084,coconut,30,acorn,0.75910085,0.40990436
0.52716213,dresser,30,balloon,0.7054826,0.3284229
0.6796213,kite,30,balloon,0.8052371,0.3342864
0.56790173,sock,30,bathtub,0.6619386,0.32662207
0.76307523,shower,30,bathtub,0.8128509,0.4487427
0.6467049,ladybug,30,camel,0.6643321,0.24742073
0.7171958,elephant,30,camel,0.8036947,0.34850216
0.6474803,zipper,30,cloud,0.62840575,0.30576813
0.7945202,tree,30,cloud,0.78708655,0.36533636
0.5639518,seahorse,30,crow,0.6035064,0.1317774
0.6815375,penguin,30,crow,0.7926386,0.31562626
0.5911295,butterfly,30,duck,0.7268386,0.3232358
0.6652881,chicken,30,duck,0.8461275,0.38995892
0.63954544,walrus,30,lizard,0.61935985,0.2805708
0.79756856,snake,30,lizard,0.8421637,0.45525527
0.6338626,airplane,30,truck,0.7994516,0.32295734
0.4637469,car,30,truck,0.87879825,0.46111637
0.68251216,turkey,35,swan,0.78697884,0.36582237
0.6376129,turtle,35,horse,0.78738093,0.29034287
0.6138006,cheese,35,mud,0.69223106,0.3641243
0.64943296,squirrel,35,eagle,0.76198536,0.27987683
0.5907572,potato,35,glasses,0.6842399,0.3004421
0.5425919,bulldozer,35,orange,0.6898449,0.28995633
0.6373426,snail,35,cow,0.7354877,0.21818084
0.51192254,acorn,35,key,0.6944285,0.18589771
0.64672357,turkey,35,goat,0.7777776,0.30691683
0.70680153,turtle,35,frog,0.86542004,0.41479588
0.80517817,cheese,35,butter,0.87245625,0.5046648
0.709872,squirrel,35,monkey,0.83557063,0.331316
0.6038962,potato,35,pot,0.7712159,0.2537464
0.66141504,bulldozer,35,tractor,0.8771789,0.36303973
0.6554188,snail,35,worm,0.8201404,0.32131314
0.6844821,acorn,35,coconut,0.77070284,0.33368814
0.53214854,balloon,35,dresser,0.6786488,0.22126895
0.68420327,balloon,35,kite,0.78361756,0.4168718
0.57086194,bathtub,35,sock,0.6995405,0.2022903
0.77523077,bathtub,35,shower,0.8622967,0.38963842
0.6204734,camel,35,ladybug,0.65143406,0.20389777
0.74080086,camel,35,elephant,0.79919666,0.35838646
0.6106644,cloud,35,zipper,0.6413079,0.3020056
0.7704905,cloud,35,tree,0.7709688,0.3943876
0.5560598,crow,35,seahorse,0.6161159,0.24523515
0.70908684,crow,35,penguin,0.80998665,0.3716668
0.61026114,duck,35,butterfly,0.7570175,0.25966758
0.6786988,duck,35,chicken,0.84945893,0.38946646
0.6020215,lizard,35,walrus,0.61377245,0.2359755
0.771785,lizard,35,snake,0.8466585,0.43291676
0.61001515,truck,35,airplane,0.8499015,0.38611162
0.5164259,truck,35,car,0.86733276,0.3102873
0.68251216,swan,35,turkey,0.78697884,0.35760528
0.6376129,horse,35,turtle,0.78738093,0.32800996
0.6138006,mud,35,cheese,0.69223106,0.25952286
0.64943296,eagle,35,squirrel,0.76198536,0.27895886
0.5907572,glasses,35,potato,0.6842399,0.30797762
0.5425919,orange,35,bulldozer,0.6898449,0.26961982
0.6373426,cow,35,snail,0.7354877,0.31109756
0.51192254,key,35,acorn,0.6944285,0.36799198
0.64672357,goat,35,turkey,0.7777776,0.3412094
0.70680153,frog,35,turtle,0.86542004,0.38115507
0.80517817,butter,35,cheese,0.87245625,0.4062869
0.709872,monkey,35,squirrel,0.83557063,0.4389739
0.6038962,pot,35,potato,0.7712159,0.45646894
0.66141504,tractor,35,bulldozer,0.8771789,0.45035702
0.6554188,worm,35,snail,0.8201404,0.44524246
0.6844821,coconut,35,acorn,0.77070284,0.416506
0.53214854,dresser,35,balloon,0.6786488,0.33862704
0.68420327,kite,35,balloon,0.78361756,0.3719697
0.57086194,sock,35,bathtub,0.6995405,0.38088226
0.77523077,shower,35,bathtub,0.8622967,0.48219448
0.6204734,ladybug,35,camel,0.65143406,0.24825752
0.74080086,elephant,35,camel,0.79919666,0.38838637
0.6106644,zipper,35,cloud,0.6413079,0.28790438
0.7704905,tree,35,cloud,0.7709688,0.3356492
0.5560598,seahorse,35,crow,0.6161159,0.11455339
0.70908684,penguin,35,crow,0.80998665,0.36043686
0.61026114,butterfly,35,duck,0.7570175,0.3341095
0.6786988,chicken,35,duck,0.84945893,0.36591864
0.6020215,walrus,35,lizard,0.61377245,0.22842854
0.771785,snake,35,lizard,0.8466585,0.4595515
0.61001515,airplane,35,truck,0.8499015,0.35037756
0.5164259,car,35,truck,0.86733276,0.45049047
0.6891986,turkey,40,swan,0.77625537,0.40437466
0.6126573,turtle,40,horse,0.77234507,0.27580255
0.56809205,cheese,40,mud,0.6802082,0.348081
0.6730312,squirrel,40,eagle,0.7852443,0.32092887
0.617623,potato,40,glasses,0.69670117,0.2717852
0.5394785,bulldozer,40,orange,0.6854007,0.26338738
0.5989802,snail,40,cow,0.7264728,0.21303415
0.6206165,acorn,40,key,0.6950735,0.2570001
0.68677825,turkey,40,goat,0.7688185,0.33074582
0.7081676,turtle,40,frog,0.8705973,0.44601375
0.8066919,cheese,40,butter,0.87711585,0.49766576
0.7170366,squirrel,40,monkey,0.8253613,0.34312797
0.62129927,potato,40,pot,0.73016167,0.31015086
0.65706456,bulldozer,40,tractor,0.8499508,0.3237008
0.69020426,snail,40,worm,0.82292217,0.37859893
0.7056102,acorn,40,coconut,0.796764,0.38887024
0.5607766,balloon,40,dresser,0.69563305,0.27920884
0.67976564,balloon,40,kite,0.8499237,0.44602418
0.5386421,bathtub,40,sock,0.65492463,0.15406543
0.77478665,bathtub,40,shower,0.82915187,0.4112848
0.6110355,camel,40,ladybug,0.665441,0.21624237
0.71948594,camel,40,elephant,0.85583806,0.39754122
0.636684,cloud,40,zipper,0.66989267,0.29640257
0.7954093,cloud,40,tree,0.75992996,0.39193714
0.5499596,crow,40,seahorse,0.6265264,0.22760558
0.717236,crow,40,penguin,0.81865877,0.36472422
0.6180602,duck,40,butterfly,0.74672383,0.25191087
0.6938096,duck,40,chicken,0.85359883,0.39752734
0.6131654,lizard,40,walrus,0.688396,0.29181057
0.7605128,lizard,40,snake,0.88395405,0.41964865
0.6713146,truck,40,airplane,0.7858131,0.38624936
0.4955088,truck,40,car,0.8759085,0.2888798
0.6891986,swan,40,turkey,0.77625537,0.3083101
0.6126573,horse,40,turtle,0.77234507,0.30795735
0.56809205,mud,40,cheese,0.6802082,0.26669896
0.6730312,eagle,40,squirrel,0.7852443,0.32532543
0.617623,glasses,40,potato,0.69670117,0.3562327
0.5394785,orange,40,bulldozer,0.6854007,0.2874241
0.5989802,cow,40,snail,0.7264728,0.29797858
0.6206165,key,40,acorn,0.6950735,0.38521475
0.68677825,goat,40,turkey,0.7688185,0.33308446
0.7081676,frog,40,turtle,0.8705973,0.37063652
0.8066919,butter,40,cheese,0.87711585,0.4142598
0.7170366,monkey,40,squirrel,0.8253613,0.4280272
0.62129927,pot,40,potato,0.73016167,0.42155302
0.65706456,tractor,40,bulldozer,0.8499508,0.47051316
0.69020426,worm,40,snail,0.82292217,0.45995212
0.7056102,coconut,40,acorn,0.796764,0.40691036
0.5607766,dresser,40,balloon,0.69563305,0.31416434
0.67976564,kite,40,balloon,0.8499237,0.39354545
0.5386421,sock,40,bathtub,0.65492463,0.34780842
0.77478665,shower,40,bathtub,0.82915187,0.44586366
0.6110355,ladybug,40,camel,0.665441,0.23456973
0.71948594,elephant,40,camel,0.85583806,0.41967243
0.636684,zipper,40,cloud,0.66989267,0.30397612
0.7954093,tree,40,cloud,0.75992996,0.3390125
0.5499596,seahorse,40,crow,0.6265264,0.12377393
0.717236,penguin,40,crow,0.81865877,0.36899585
0.6180602,butterfly,40,duck,0.74672383,0.3339123
0.6938096,chicken,40,duck,0.85359883,0.35423887
0.6131654,walrus,40,lizard,0.688396,0.2553445
0.7605128,snake,40,lizard,0.88395405,0.46155828
0.6713146,airplane,40,truck,0.7858131,0.3041163
0.4955088,car,40,truck,0.8759085,0.45855677
0.7069968,turkey,46,swan,0.77961826,0.3705896
0.6391434,turtle,46,horse,0.7871991,0.21433574
0.52304816,cheese,46,mud,0.66228527,0.38138038
0.6370263,squirrel,46,eagle,0.7883644,0.29868615
0.6030392,potato,46,glasses,0.60215926,0.3162337
0.6027349,bulldozer,46,orange,0.67250574,0.27331805
0.5889264,snail,46,cow,0.7733321,0.23564428
0.5826444,acorn,46,key,0.7025334,0.23631728
0.68294835,turkey,46,goat,0.7638921,0.32674026
0.7317363,turtle,46,frog,0.90224,0.46041733
0.74742323,cheese,46,butter,0.8638858,0.5154445
0.7107512,squirrel,46,monkey,0.8224343,0.35116684
0.608511,potato,46,pot,0.69885945,0.24890417
0.687397,bulldozer,46,tractor,0.8371463,0.32297862
0.7136543,snail,46,worm,0.85990214,0.3952607
0.71002144,acorn,46,coconut,0.7849541,0.36250824
0.54300445,balloon,46,dresser,0.6959614,0.28651166
0.7379027,balloon,46,kite,0.7751369,0.42501646
0.58025813,bathtub,46,sock,0.6900945,0.16513813
0.75503683,bathtub,46,shower,0.8124387,0.37442762
0.637551,camel,46,ladybug,0.673152,0.24548894
0.7048868,camel,46,elephant,0.84184426,0.39173293
0.63555515,cloud,46,zipper,0.6431857,0.30362207
0.733677,cloud,46,tree,0.7075312,0.37860864
0.5882985,crow,46,seahorse,0.6235318,0.24528182
0.70066124,crow,46,penguin,0.8144554,0.3789462
0.59745765,duck,46,butterfly,0.75519955,0.27639347
0.69495094,duck,46,chicken,0.880567,0.42783767
0.59790146,lizard,46,walrus,0.6881252,0.27375054
0.79380786,lizard,46,snake,0.8892338,0.39968264
0.68144435,truck,46,airplane,0.8082156,0.35028112
0.4822369,truck,46,car,0.8402784,0.24529707
0.7069968,swan,46,turkey,0.77961826,0.32514042
0.6391434,horse,46,turtle,0.7871991,0.39019334
0.52304816,mud,46,cheese,0.66228527,0.15955013
0.6370263,eagle,46,squirrel,0.7883644,0.28249675
0.6030392,glasses,46,potato,0.60215926,0.2672093
0.6027349,orange,46,bulldozer,0.67250574,0.31537926
0.5889264,cow,46,snail,0.7733321,0.31315768
0.5826444,key,46,acorn,0.7025334,0.39622736
0.68294835,goat,46,turkey,0.7638921,0.3172499
0.7317363,frog,46,turtle,0.90224,0.40415972
0.74742323,butter,46,cheese,0.8638858,0.4025861
0.7107512,monkey,46,squirrel,0.8224343,0.3795271
0.608511,pot,46,potato,0.69885945,0.41332847
0.687397,tractor,46,bulldozer,0.8371463,0.45568526
0.7136543,worm,46,snail,0.85990214,0.44943798
0.71002144,coconut,46,acorn,0.7849541,0.40303206
0.54300445,dresser,46,balloon,0.6959614,0.30531543
0.7379027,kite,46,balloon,0.7751369,0.37592763
0.58025813,sock,46,bathtub,0.6900945,0.3442579
0.75503683,shower,46,bathtub,0.8124387,0.44469362
0.637551,ladybug,46,camel,0.673152,0.26429653
0.7048868,elephant,46,camel,0.84184426,0.38549984
0.63555515,zipper,46,cloud,0.6431857,0.27213347
0.733677,tree,46,cloud,0.7075312,0.31566203
0.5882985,seahorse,46,crow,0.6235318,0.1320774
0.70066124,penguin,46,crow,0.8144554,0.32723433
0.59745765,butterfly,46,duck,0.75519955,0.3137964
0.69495094,chicken,46,duck,0.880567,0.39040375
0.59790146,walrus,46,lizard,0.6881252,0.23452693
0.79380786,snake,46,lizard,0.8892338,0.46416998
0.68144435,airplane,46,truck,0.8082156,0.36869907
0.4822369,car,46,truck,0.8402784,0.4670214
0.7116359,turkey,54,swan,0.78607833,0.3886913
0.6111212,turtle,54,horse,0.79360604,0.2587636
0.54716915,cheese,54,mud,0.6727762,0.40681148
0.701071,squirrel,54,eagle,0.7458298,0.24678415
0.63498753,potato,54,glasses,0.62368494,0.31874144
0.5524666,bulldozer,54,orange,0.69470495,0.27240008
0.6459395,snail,54,cow,0.7159594,0.25409716
0.60258675,acorn,54,key,0.6908225,0.27517325
0.6686454,turkey,54,goat,0.7648374,0.32666242
0.71409094,turtle,54,frog,0.87458163,0.41941917
0.7617067,cheese,54,butter,0.85331,0.53265333
0.7135595,squirrel,54,monkey,0.8230679,0.3104096
0.57895815,potato,54,pot,0.7174078,0.26805675
0.6577645,bulldozer,54,tractor,0.86601436,0.34201264
0.7196635,snail,54,worm,0.8225759,0.34731036
0.7289842,acorn,54,coconut,0.7634407,0.36371863
0.51895285,balloon,54,dresser,0.69264406,0.31259787
0.6631479,balloon,54,kite,0.8086803,0.46002924
0.5440228,bathtub,54,sock,0.65826267,0.1871438
0.7503712,bathtub,54,shower,0.82052267,0.4117629
0.65963167,camel,54,ladybug,0.6745447,0.24326354
0.7335181,camel,54,elephant,0.85145545,0.42440695
0.5972153,cloud,54,zipper,0.61212426,0.3174951
0.75483435,cloud,54,tree,0.7622574,0.385485
0.5503441,crow,54,seahorse,0.63131714,0.22585344
0.713654,crow,54,penguin,0.8427033,0.36364663
0.62160885,duck,54,butterfly,0.75290644,0.26193893
0.654373,duck,54,chicken,0.8500508,0.3930744
0.5936678,lizard,54,walrus,0.65252525,0.3131584
0.79600763,lizard,54,snake,0.8543201,0.41561896
0.65172017,truck,54,airplane,0.8058652,0.3642226
0.49638975,truck,54,car,0.8862084,0.26202047
0.7116359,swan,54,turkey,0.78607833,0.33992082
0.6111212,horse,54,turtle,0.79360604,0.316298
0.54716915,mud,54,cheese,0.6727762,0.18628103
0.701071,eagle,54,squirrel,0.7458298,0.34909874
0.63498753,glasses,54,potato,0.62368494,0.30742228
0.5524666,orange,54,bulldozer,0.69470495,0.26405084
0.6459395,cow,54,snail,0.7159594,0.29179597
0.60258675,key,54,acorn,0.6908225,0.32175303
0.6686454,goat,54,turkey,0.7648374,0.3042785
0.71409094,frog,54,turtle,0.87458163,0.37521154
0.7617067,butter,54,cheese,0.85331,0.38145274
0.7135595,monkey,54,squirrel,0.8230679,0.43133444
0.57895815,pot,54,potato,0.7174078,0.44124097
0.6577645,tractor,54,bulldozer,0.86601436,0.43712187
0.7196635,worm,54,snail,0.8225759,0.4784879
0.7289842,coconut,54,acorn,0.7634407,0.3958106
0.51895285,dresser,54,balloon,0.69264406,0.3134126
0.6631479,kite,54,balloon,0.8086803,0.34022367
0.5440228,sock,54,bathtub,0.65826267,0.3353281
0.7503712,shower,54,bathtub,0.82052267,0.43749142
0.65963167,ladybug,54,camel,0.6745447,0.2626965
0.7335181,elephant,54,camel,0.85145545,0.38506818
0.5972153,zipper,54,cloud,0.61212426,0.19969362
0.75483435,tree,54,cloud,0.7622574,0.31172353
0.5503441,seahorse,54,crow,0.63131714,0.10075194
0.713654,penguin,54,crow,0.8427033,0.39454538
0.62160885,butterfly,54,duck,0.75290644,0.3561625
0.654373,chicken,54,duck,0.8500508,0.37022197
0.5936678,walrus,54,lizard,0.65252525,0.23960257
0.79600763,snake,54,lizard,0.8543201,0.44924724
0.65172017,airplane,54,truck,0.8058652,0.331652
0.49638975,car,54,truck,0.8862084,0.5013129
0.73757094,turkey,62,swan,0.79723233,0.38028532
0.5888598,turtle,62,horse,0.81691206,0.29144585
0.5383555,cheese,62,mud,0.710444,0.3850801
0.6592675,squirrel,62,eagle,0.8060931,0.30242795
0.6045366,potato,62,glasses,0.6902225,0.33420044
0.5349605,bulldozer,62,orange,0.72216797,0.2654878
0.6165326,snail,62,cow,0.75557375,0.25260025
0.607462,acorn,62,key,0.7116199,0.2524835
0.6638973,turkey,62,goat,0.7697122,0.33576196
0.70437545,turtle,62,frog,0.8889815,0.42195898
0.8067156,cheese,62,butter,0.89520603,0.50064725
0.69306916,squirrel,62,monkey,0.8646603,0.36316484
0.61190796,potato,62,pot,0.7429708,0.31346107
0.6648841,bulldozer,62,tractor,0.86356264,0.35902888
0.679494,snail,62,worm,0.8379132,0.37417215
0.70783216,acorn,62,coconut,0.78901666,0.39382416
0.5382242,balloon,62,dresser,0.70811546,0.31739634
0.69357824,balloon,62,kite,0.82881826,0.4429748
0.5484982,bathtub,62,sock,0.7008983,0.2152108
0.76700765,bathtub,62,shower,0.8538883,0.40854377
0.64454764,camel,62,ladybug,0.73445386,0.23586291
0.7311869,camel,62,elephant,0.85159975,0.38960618
0.60622,cloud,62,zipper,0.65889627,0.31074584
0.7878699,cloud,62,tree,0.7588585,0.39683908
0.58382946,crow,62,seahorse,0.6568585,0.20611966
0.67653877,crow,62,penguin,0.81271,0.33497155
0.60274124,duck,62,butterfly,0.7809023,0.2876169
0.6558284,duck,62,chicken,0.8724021,0.39664644
0.6043007,lizard,62,walrus,0.6192846,0.27667367
0.7489508,lizard,62,snake,0.8760481,0.39877617
0.6962651,truck,62,airplane,0.7943397,0.36907423
0.47141662,truck,62,car,0.87099,0.2900054
0.73757094,swan,62,turkey,0.79723233,0.3618706
0.5888598,horse,62,turtle,0.81691206,0.30629718
0.5383555,mud,62,cheese,0.710444,0.2938102
0.6592675,eagle,62,squirrel,0.8060931,0.3204608
0.6045366,glasses,62,potato,0.6902225,0.31541693
0.5349605,orange,62,bulldozer,0.72216797,0.2543277
0.6165326,cow,62,snail,0.75557375,0.28113842
0.607462,key,62,acorn,0.7116199,0.39790273
0.6638973,goat,62,turkey,0.7697122,0.3382002
0.70437545,frog,62,turtle,0.8889815,0.36838514
0.8067156,butter,62,cheese,0.89520603,0.4171574
0.69306916,monkey,62,squirrel,0.8646603,0.41009456
0.61190796,pot,62,potato,0.7429708,0.37988973
0.6648841,tractor,62,bulldozer,0.86356264,0.44149393
0.679494,worm,62,snail,0.8379132,0.4128201
0.70783216,coconut,62,acorn,0.78901666,0.38755512
0.5382242,dresser,62,balloon,0.70811546,0.2997868
0.69357824,kite,62,balloon,0.82881826,0.38136238
0.5484982,sock,62,bathtub,0.7008983,0.35636926
0.76700765,shower,62,bathtub,0.8538883,0.4523893
0.64454764,ladybug,62,camel,0.73445386,0.2861309
0.7311869,elephant,62,camel,0.85159975,0.41100794
0.60622,zipper,62,cloud,0.65889627,0.23781687
0.7878699,tree,62,cloud,0.7588585,0.33331817
0.58382946,seahorse,62,crow,0.6568585,0.18068475
0.67653877,penguin,62,crow,0.81271,0.35498166
0.60274124,butterfly,62,duck,0.7809023,0.3474173
0.6558284,chicken,62,duck,0.8724021,0.3662278
0.6043007,walrus,62,lizard,0.6192846,0.21549034
0.7489508,snake,62,lizard,0.8760481,0.46718454
0.6962651,airplane,62,truck,0.7943397,0.31257057
0.47141662,car,62,truck,0.87099,0.46219456
0.6805286,turkey,71,swan,0.7801113,0.3719694
0.6179941,turtle,71,horse,0.787952,0.27863908
0.525224,cheese,71,mud,0.6855999,0.4000712
0.70588297,squirrel,71,eagle,0.7714417,0.31484425
0.632469,potato,71,glasses,0.6560622,0.27745825
0.5660829,bulldozer,71,orange,0.71559143,0.31806558
0.62564653,snail,71,cow,0.7137065,0.243343
0.62064016,acorn,71,key,0.65860295,0.22725719
0.63600796,turkey,71,goat,0.7570358,0.32899302
0.7241728,turtle,71,frog,0.8857639,0.4573635
0.79955477,cheese,71,butter,0.8765467,0.5194732
0.7333722,squirrel,71,monkey,0.84737694,0.37215388
0.5995592,potato,71,pot,0.73089045,0.25356877
0.6606323,bulldozer,71,tractor,0.85366535,0.3453102
0.6644306,snail,71,worm,0.8191708,0.33264607
0.7029784,acorn,71,coconut,0.77182806,0.36646396
0.5387343,balloon,71,dresser,0.70736754,0.2718531
0.69626004,balloon,71,kite,0.81107575,0.40857506
0.54051614,bathtub,71,sock,0.6727874,0.14128125
0.72548807,bathtub,71,shower,0.80288965,0.38150108
0.6183064,camel,71,ladybug,0.66096145,0.21842068
0.72418475,camel,71,elephant,0.8393184,0.3801884
0.6508239,cloud,71,zipper,0.6536954,0.32121056
0.7524545,cloud,71,tree,0.7614257,0.39572668
0.5515407,crow,71,seahorse,0.62760603,0.1884237
0.69716436,crow,71,penguin,0.7887784,0.3237005
0.615327,duck,71,butterfly,0.72161573,0.27294594
0.6328338,duck,71,chicken,0.8555024,0.3994714
0.5691539,lizard,71,walrus,0.64309156,0.29593736
0.764008,lizard,71,snake,0.87751067,0.41450477
0.6423289,truck,71,airplane,0.80446607,0.36635214
0.52204084,truck,71,car,0.8780936,0.31614494
0.6805286,swan,71,turkey,0.7801113,0.3064658
0.6179941,horse,71,turtle,0.787952,0.3146991
0.525224,mud,71,cheese,0.6855999,0.22374034
0.70588297,eagle,71,squirrel,0.7714417,0.33110923
0.632469,glasses,71,potato,0.6560622,0.33320892
0.5660829,orange,71,bulldozer,0.71559143,0.26010865
0.62564653,cow,71,snail,0.7137065,0.23727876
0.62064016,key,71,acorn,0.65860295,0.40194458
0.63600796,goat,71,turkey,0.7570358,0.30487162
0.7241728,frog,71,turtle,0.8857639,0.36297137
0.79955477,butter,71,cheese,0.8765467,0.41138935
0.7333722,monkey,71,squirrel,0.84737694,0.4559726
0.5995592,pot,71,potato,0.73089045,0.4371574
0.6606323,tractor,71,bulldozer,0.85366535,0.44451565
0.6644306,worm,71,snail,0.8191708,0.44018787
0.7029784,coconut,71,acorn,0.77182806,0.39590985
0.5387343,dresser,71,balloon,0.70736754,0.33046627
0.69626004,kite,71,balloon,0.81107575,0.38821203
0.54051614,sock,71,bathtub,0.6727874,0.38522303
0.72548807,shower,71,bathtub,0.80288965,0.43272346
0.6183064,ladybug,71,camel,0.66096145,0.21049356
0.72418475,elephant,71,camel,0.8393184,0.3841824
0.6508239,zipper,71,cloud,0.6536954,0.25968575
0.7524545,tree,71,cloud,0.7614257,0.34163517
0.5515407,seahorse,71,crow,0.62760603,0.1685251
0.69716436,penguin,71,crow,0.7887784,0.37448454
0.615327,butterfly,71,duck,0.72161573,0.35406446
0.6328338,chicken,71,duck,0.8555024,0.35527498
0.5691539,walrus,71,lizard,0.64309156,0.26222306
0.764008,snake,71,lizard,0.87751067,0.46796918
0.6423289,airplane,71,truck,0.80446607,0.29167914
0.52204084,car,71,truck,0.8780936,0.43507093
0.6697709,turkey,82,swan,0.81065196,0.35404414
0.5567183,turtle,82,horse,0.8111676,0.31170982
0.5417981,cheese,82,mud,0.701641,0.37234104
0.68710846,squirrel,82,eagle,0.7938187,0.304632
0.5973543,potato,82,glasses,0.67170984,0.3124919
0.5337571,bulldozer,82,orange,0.72389,0.28357148
0.585047,snail,82,cow,0.7473375,0.22477835
0.5804786,acorn,82,key,0.6766178,0.28050596
0.639714,turkey,82,goat,0.7746093,0.3326468
0.6824006,turtle,82,frog,0.868327,0.44276142
0.78521436,cheese,82,butter,0.86453736,0.5273864
0.7235688,squirrel,82,monkey,0.84085715,0.37572652
0.61855674,potato,82,pot,0.7405613,0.27356672
0.6698586,bulldozer,82,tractor,0.8813093,0.35860187
0.68891835,snail,82,worm,0.8239287,0.3872264
0.6603827,acorn,82,coconut,0.7730391,0.39938396
0.5051746,balloon,82,dresser,0.7078171,0.22602034
0.6502852,balloon,82,kite,0.8017516,0.38748193
0.52456033,bathtub,82,sock,0.6963813,0.09056145
0.75547683,bathtub,82,shower,0.81771106,0.3933311
0.6174221,camel,82,ladybug,0.69181454,0.19393516
0.7373858,camel,82,elephant,0.8395389,0.40137488
0.6448017,cloud,82,zipper,0.64918965,0.30782986
0.7560872,cloud,82,tree,0.75067365,0.37723273
0.5671567,crow,82,seahorse,0.6640384,0.1962828
0.68684536,crow,82,penguin,0.8298811,0.3752159
0.59650916,duck,82,butterfly,0.75922596,0.23565418
0.6827671,duck,82,chicken,0.8590512,0.42128485
0.58174056,lizard,82,walrus,0.6504826,0.282426
0.74455374,lizard,82,snake,0.87944657,0.4248907
0.65287995,truck,82,airplane,0.8325627,0.38178033
0.54675794,truck,82,car,0.8811655,0.33888066
0.6697709,swan,82,turkey,0.81065196,0.35195082
0.5567183,horse,82,turtle,0.8111676,0.3301595
0.5417981,mud,82,cheese,0.701641,0.18891203
0.68710846,eagle,82,squirrel,0.7938187,0.37176138
0.5973543,glasses,82,potato,0.67170984,0.2819385
0.5337571,orange,82,bulldozer,0.72389,0.30150926
0.585047,cow,82,snail,0.7473375,0.32576108
0.5804786,key,82,acorn,0.6766178,0.42057133
0.639714,goat,82,turkey,0.7746093,0.30719286
0.6824006,frog,82,turtle,0.868327,0.35040295
0.78521436,butter,82,cheese,0.86453736,0.3876418
0.7235688,monkey,82,squirrel,0.84085715,0.4368828
0.61855674,pot,82,potato,0.7405613,0.43769985
0.6698586,tractor,82,bulldozer,0.8813093,0.44422716
0.68891835,worm,82,snail,0.8239287,0.4485306
0.6603827,coconut,82,acorn,0.7730391,0.42270356
0.5051746,dresser,82,balloon,0.7078171,0.32719743
0.6502852,kite,82,balloon,0.8017516,0.3823653
0.52456033,sock,82,bathtub,0.6963813,0.39381272
0.75547683,shower,82,bathtub,0.81771106,0.46163934
0.6174221,ladybug,82,camel,0.69181454,0.27253062
0.7373858,elephant,82,camel,0.8395389,0.39472175
0.6448017,zipper,82,cloud,0.64918965,0.2766679
0.7560872,tree,82,cloud,0.75067365,0.34283406
0.5671567,seahorse,82,crow,0.6640384,0.23038751
0.68684536,penguin,82,crow,0.8298811,0.35988206
0.59650916,butterfly,82,duck,0.75922596,0.35623312
0.6827671,chicken,82,duck,0.8590512,0.35382235
0.58174056,walrus,82,lizard,0.6504826,0.20690495
0.74455374,snake,82,lizard,0.87944657,0.43382555
0.65287995,airplane,82,truck,0.8325627,0.33814538
0.54675794,car,82,truck,0.8811655,0.45688725
0.6880498,turkey,95,swan,0.7851918,0.35432398
0.5704852,turtle,95,horse,0.79194605,0.33468324
0.53254217,cheese,95,mud,0.6710652,0.37797862
0.69935966,squirrel,95,eagle,0.7931278,0.29814386
0.61917615,potato,95,glasses,0.69699967,0.3264261
0.5616698,bulldozer,95,orange,0.6473461,0.26740706
0.6095589,snail,95,cow,0.7111625,0.22180414
0.56489867,acorn,95,key,0.68208444,0.2593283
0.62567204,turkey,95,goat,0.74597245,0.29895812
0.71800745,turtle,95,frog,0.8793443,0.43126988
0.779128,cheese,95,butter,0.8672448,0.51552737
0.714401,squirrel,95,monkey,0.8336286,0.34823418
0.5819449,potato,95,pot,0.7539911,0.26267534
0.70549214,bulldozer,95,tractor,0.8451399,0.3489617
0.6824415,snail,95,worm,0.80596215,0.3338949
0.6677407,acorn,95,coconut,0.7579567,0.3642223
0.5366528,balloon,95,dresser,0.7143884,0.23028153
0.688597,balloon,95,kite,0.79896176,0.38067317
0.49192387,bathtub,95,sock,0.6306424,0.113997996
0.7357377,bathtub,95,shower,0.8030427,0.39952374
0.6535777,camel,95,ladybug,0.7082368,0.27411288
0.7572515,camel,95,elephant,0.8642765,0.42626017
0.6021596,cloud,95,zipper,0.60824376,0.30806947
0.74296075,cloud,95,tree,0.7548869,0.4183395
0.56911933,crow,95,seahorse,0.6093236,0.25348926
0.6847051,crow,95,penguin,0.811807,0.36674637
0.59798026,duck,95,butterfly,0.74821335,0.27346134
0.66871023,duck,95,chicken,0.85655886,0.41485393
0.6078639,lizard,95,walrus,0.6270145,0.2853179
0.7566717,lizard,95,snake,0.8823016,0.42279875
0.6226688,truck,95,airplane,0.77324915,0.29842395
0.5343104,truck,95,car,0.8381826,0.28226024
0.6880498,swan,95,turkey,0.7851918,0.36289716
0.5704852,horse,95,turtle,0.79194605,0.29416865
0.53254217,mud,95,cheese,0.6710652,0.22213358
0.69935966,eagle,95,squirrel,0.7931278,0.36612064
0.61917615,glasses,95,potato,0.69699967,0.3040613
0.5616698,orange,95,bulldozer,0.6473461,0.3045748
0.6095589,cow,95,snail,0.7111625,0.27390337
0.56489867,key,95,acorn,0.68208444,0.42438602
0.62567204,goat,95,turkey,0.74597245,0.32273823
0.71800745,frog,95,turtle,0.8793443,0.38428545
0.779128,butter,95,cheese,0.8672448,0.38902873
0.714401,monkey,95,squirrel,0.8336286,0.41820014
0.5819449,pot,95,potato,0.7539911,0.43604124
0.70549214,tractor,95,bulldozer,0.8451399,0.44890058
0.6824415,worm,95,snail,0.80596215,0.44797736
0.6677407,coconut,95,acorn,0.7579567,0.4188565
0.5366528,dresser,95,balloon,0.7143884,0.35337365
0.688597,kite,95,balloon,0.79896176,0.3946386
0.49192387,sock,95,bathtub,0.6306424,0.37446344
0.7357377,shower,95,bathtub,0.8030427,0.43503028
0.6535777,ladybug,95,camel,0.7082368,0.2838143
0.7572515,elephant,95,camel,0.8642765,0.39406508
0.6021596,zipper,95,cloud,0.60824376,0.25600135
0.74296075,tree,95,cloud,0.7548869,0.34740138
0.56911933,seahorse,95,crow,0.6093236,0.13451093
0.6847051,penguin,95,crow,0.811807,0.3616894
0.59798026,butterfly,95,duck,0.74821335,0.33185643
0.66871023,chicken,95,duck,0.85655886,0.36388975
0.6078639,walrus,95,lizard,0.6270145,0.20192987
0.7566717,snake,95,lizard,0.8823016,0.45062488
0.6226688,airplane,95,truck,0.77324915,0.29985392
0.5343104,car,95,truck,0.8381826,0.4458781
0.66668826,turkey,109,swan,0.7881489,0.37981832
0.5900394,turtle,109,horse,0.79253495,0.30246794
0.47205204,cheese,109,mud,0.669689,0.34520525
0.64628184,squirrel,109,eagle,0.7983052,0.3010255
0.58681726,potato,109,glasses,0.7002096,0.2817732
0.5572939,bulldozer,109,orange,0.70560646,0.29588115
0.6312946,snail,109,cow,0.7332977,0.25236768
0.53404754,acorn,109,key,0.6656782,0.24502403
0.65963084,turkey,109,goat,0.77929413,0.3475908
0.6835848,turtle,109,frog,0.8768635,0.44424468
0.7583744,cheese,109,butter,0.8640789,0.5411633
0.67342716,squirrel,109,monkey,0.85688937,0.35530794
0.56913656,potato,109,pot,0.7249993,0.2624936
0.66918546,bulldozer,109,tractor,0.8495566,0.35285115
0.6665511,snail,109,worm,0.826787,0.34119064
0.6307267,acorn,109,coconut,0.76584333,0.36742198
0.48015273,balloon,109,dresser,0.7006093,0.30379927
0.66719323,balloon,109,kite,0.7976877,0.44042748
0.5287634,bathtub,109,sock,0.67551863,0.10683626
0.70672387,bathtub,109,shower,0.82369053,0.37811756
0.6303844,camel,109,ladybug,0.7031066,0.27119797
0.6845131,camel,109,elephant,0.88753325,0.41962183
0.62104416,cloud,109,zipper,0.66505986,0.29292572
0.74042153,cloud,109,tree,0.73602545,0.39163238
0.558745,crow,109,seahorse,0.63097304,0.23591524
0.70734966,crow,109,penguin,0.7884188,0.3382594
0.5634418,duck,109,butterfly,0.7599905,0.30783826
0.65234965,duck,109,chicken,0.87262523,0.41428852
0.5300851,lizard,109,walrus,0.6332363,0.25581354
0.76770294,lizard,109,snake,0.86535823,0.42480338
0.6304573,truck,109,airplane,0.79115903,0.29922235
0.51132756,truck,109,car,0.8392125,0.26627332
0.66668826,swan,109,turkey,0.7881489,0.3277704
0.5900394,horse,109,turtle,0.79253495,0.3312469
0.47205204,mud,109,cheese,0.669689,0.17945892
0.64628184,eagle,109,squirrel,0.7983052,0.35145932
0.58681726,glasses,109,potato,0.7002096,0.34747148
0.5572939,orange,109,bulldozer,0.70560646,0.28000832
0.6312946,cow,109,snail,0.7332977,0.30685282
0.53404754,key,109,acorn,0.6656782,0.3799845
0.65963084,goat,109,turkey,0.77929413,0.3341822
0.6835848,frog,109,turtle,0.8768635,0.3794304
0.7583744,butter,109,cheese,0.8640789,0.36595452
0.67342716,monkey,109,squirrel,0.85688937,0.4121474
0.56913656,pot,109,potato,0.7249993,0.45989656
0.66918546,tractor,109,bulldozer,0.8495566,0.44107956
0.6665511,worm,109,snail,0.826787,0.45207638
0.6307267,coconut,109,acorn,0.76584333,0.37377346
0.48015273,dresser,109,balloon,0.7006093,0.2678733
0.66719323,kite,109,balloon,0.7976877,0.35323346
0.5287634,sock,109,bathtub,0.67551863,0.3956598
0.70672387,shower,109,bathtub,0.82369053,0.46416998
0.6303844,ladybug,109,camel,0.7031066,0.24584001
0.6845131,elephant,109,camel,0.88753325,0.39199287
0.62104416,zipper,109,cloud,0.66505986,0.3081578
0.74042153,tree,109,cloud,0.73602545,0.33513153
0.558745,seahorse,109,crow,0.63097304,0.13147885
0.70734966,penguin,109,crow,0.7884188,0.34773386
0.5634418,butterfly,109,duck,0.7599905,0.29862005
0.65234965,chicken,109,duck,0.87262523,0.34140158
0.5300851,walrus,109,lizard,0.6332363,0.15116715
0.76770294,snake,109,lizard,0.86535823,0.42784178
0.6304573,airplane,109,truck,0.79115903,0.37516296
0.51132756,car,109,truck,0.8392125,0.46935362
0.6876204,turkey,126,swan,0.8059734,0.372315
0.6302608,turtle,126,horse,0.81105506,0.30446786
0.55034673,cheese,126,mud,0.71812314,0.3761413
0.6862149,squirrel,126,eagle,0.824092,0.31237316
0.5981397,potato,126,glasses,0.7197116,0.32585156
0.5291922,bulldozer,126,orange,0.69270676,0.27530956
0.6063954,snail,126,cow,0.766275,0.2605934
0.60249776,acorn,126,key,0.72442573,0.262972
0.6733645,turkey,126,goat,0.7711945,0.32413417
0.70126396,turtle,126,frog,0.8916309,0.417952
0.7696761,cheese,126,butter,0.88976383,0.50758135
0.7282544,squirrel,126,monkey,0.86527365,0.36801642
0.57147443,potato,126,pot,0.758568,0.23083067
0.6325639,bulldozer,126,tractor,0.86454463,0.33964193
0.7078921,snail,126,worm,0.84806067,0.38478863
0.6855533,acorn,126,coconut,0.82359964,0.37411094
0.5236506,balloon,126,dresser,0.72575325,0.228095
0.7117737,balloon,126,kite,0.8338746,0.427772
0.5143207,bathtub,126,sock,0.6658433,0.12982434
0.7032184,bathtub,126,shower,0.81306237,0.40214032
0.6154274,camel,126,ladybug,0.7123815,0.21609902
0.7494717,camel,126,elephant,0.8722623,0.40886283
0.6129643,cloud,126,zipper,0.6426027,0.32133245
0.75215435,cloud,126,tree,0.7672106,0.38740712
0.5770041,crow,126,seahorse,0.67199373,0.22501779
0.6736693,crow,126,penguin,0.83256316,0.34717953
0.6148265,duck,126,butterfly,0.7824196,0.30970728
0.6521183,duck,126,chicken,0.8851751,0.418741
0.6045949,lizard,126,walrus,0.6261713,0.30592304
0.75370914,lizard,126,snake,0.87536734,0.40936202
0.6500943,truck,126,airplane,0.8089426,0.3318224
0.53628206,truck,126,car,0.8495973,0.28767997
0.6876204,swan,126,turkey,0.8059734,0.33881712
0.6302608,horse,126,turtle,0.81105506,0.38618845
0.55034673,mud,126,cheese,0.71812314,0.22721863
0.6862149,eagle,126,squirrel,0.824092,0.3838594
0.5981397,glasses,126,potato,0.7197116,0.29387218
0.5291922,orange,126,bulldozer,0.69270676,0.28211242
0.6063954,cow,126,snail,0.766275,0.3105119
0.60249776,key,126,acorn,0.72442573,0.4415061
0.6733645,goat,126,turkey,0.7711945,0.3417601
0.70126396,frog,126,turtle,0.8916309,0.42360824
0.7696761,butter,126,cheese,0.88976383,0.3987285
0.7282544,monkey,126,squirrel,0.86527365,0.43978947
0.57147443,pot,126,potato,0.758568,0.4453296
0.6325639,tractor,126,bulldozer,0.86454463,0.44890124
0.7078921,worm,126,snail,0.84806067,0.45306587
0.6855533,coconut,126,acorn,0.82359964,0.44056362
0.5236506,dresser,126,balloon,0.72575325,0.34004778
0.7117737,kite,126,balloon,0.8338746,0.37034887
0.5143207,sock,126,bathtub,0.6658433,0.42009503
0.7032184,shower,126,bathtub,0.81306237,0.4428169
0.6154274,ladybug,126,camel,0.7123815,0.28061044
0.7494717,elephant,126,camel,0.8722623,0.42191726
0.6129643,zipper,126,cloud,0.6426027,0.24612296
0.75215435,tree,126,cloud,0.7672106,0.3578589
0.5770041,seahorse,126,crow,0.67199373,0.18775743
0.6736693,penguin,126,crow,0.83256316,0.37025034
0.6148265,butterfly,126,duck,0.7824196,0.37599218
0.6521183,chicken,126,duck,0.8851751,0.38633972
0.6045949,walrus,126,lizard,0.6261713,0.26832896
0.75370914,snake,126,lizard,0.87536734,0.447796
0.6500943,airplane,126,truck,0.8089426,0.34093696
0.53628206,car,126,truck,0.8495973,0.45957935
0.71470493,turkey,145,swan,0.785965,0.36456448
0.57698035,turtle,145,horse,0.8241675,0.33500373
0.54776955,cheese,145,mud,0.70754576,0.40996408
0.6384089,squirrel,145,eagle,0.81950635,0.33026195
0.5723793,potato,145,glasses,0.6966823,0.29233664
0.527188,bulldozer,145,orange,0.76220363,0.3450656
0.6154154,snail,145,cow,0.76195365,0.2992882
0.57851917,acorn,145,key,0.71659744,0.31067687
0.7137714,turkey,145,goat,0.7756314,0.34519506
0.65531254,turtle,145,frog,0.89537483,0.4474069
0.76387376,cheese,145,butter,0.87125117,0.51254725
0.6980868,squirrel,145,monkey,0.8750126,0.40733564
0.59611505,potato,145,pot,0.7505216,0.31248808
0.6117787,bulldozer,145,tractor,0.8945251,0.40280777
0.7178045,snail,145,worm,0.8613309,0.38206542
0.7073509,acorn,145,coconut,0.81411135,0.41135973
0.4809037,balloon,145,dresser,0.7291776,0.2773137
0.67117953,balloon,145,kite,0.81226623,0.41914988
0.48000577,bathtub,145,sock,0.7077829,0.17344153
0.69553554,bathtub,145,shower,0.8314941,0.37847203
0.6618234,camel,145,ladybug,0.7326455,0.29362422
0.7405099,camel,145,elephant,0.8795109,0.40597117
0.61764044,cloud,145,zipper,0.6626435,0.30821282
0.77252036,cloud,145,tree,0.7692971,0.38093024
0.5561752,crow,145,seahorse,0.6402035,0.22869188
0.68838525,crow,145,penguin,0.84682304,0.37285715
0.5928888,duck,145,butterfly,0.7660758,0.28881192
0.6640239,duck,145,chicken,0.8789686,0.39650232
0.5562886,lizard,145,walrus,0.6272448,0.29382384
0.7630249,lizard,145,snake,0.8876778,0.42744374
0.57669175,truck,145,airplane,0.7907093,0.37671953
0.45164716,truck,145,car,0.8752726,0.30381823
0.71470493,swan,145,turkey,0.785965,0.34645784
0.57698035,horse,145,turtle,0.8241675,0.34793496
0.54776955,mud,145,cheese,0.70754576,0.30556732
0.6384089,eagle,145,squirrel,0.81950635,0.34496456
0.5723793,glasses,145,potato,0.6966823,0.31532985
0.527188,orange,145,bulldozer,0.76220363,0.291485
0.6154154,cow,145,snail,0.76195365,0.3053313
0.57851917,key,145,acorn,0.71659744,0.35489607
0.7137714,goat,145,turkey,0.7756314,0.353361
0.65531254,frog,145,turtle,0.89537483,0.37726986
0.76387376,butter,145,cheese,0.87125117,0.38528943
0.6980868,monkey,145,squirrel,0.8750126,0.40298766
0.59611505,pot,145,potato,0.7505216,0.41974592
0.6117787,tractor,145,bulldozer,0.8945251,0.43298554
0.7178045,worm,145,snail,0.8613309,0.46448624
0.7073509,coconut,145,acorn,0.81411135,0.36081922
0.4809037,dresser,145,balloon,0.7291776,0.3175997
0.67117953,kite,145,balloon,0.81226623,0.3787703
0.48000577,sock,145,bathtub,0.7077829,0.4174189
0.69553554,shower,145,bathtub,0.8314941,0.45959115
0.6618234,ladybug,145,camel,0.7326455,0.30357158
0.7405099,elephant,145,camel,0.8795109,0.41434604
0.61764044,zipper,145,cloud,0.6626435,0.32252264
0.77252036,tree,145,cloud,0.7692971,0.37750804
0.5561752,seahorse,145,crow,0.6402035,0.15079159
0.68838525,penguin,145,crow,0.84682304,0.38041562
0.5928888,butterfly,145,duck,0.7660758,0.3579551
0.6640239,chicken,145,duck,0.8789686,0.3961938
0.5562886,walrus,145,lizard,0.6272448,0.2461549
0.7630249,snake,145,lizard,0.8876778,0.44329685
0.57669175,airplane,145,truck,0.7907093,0.27471346
0.45164716,car,145,truck,0.8752726,0.48104882
0.6798127,turkey,167,swan,0.80296785,0.38471866
0.5607435,turtle,167,horse,0.8005705,0.31696016
0.49194387,cheese,167,mud,0.6784578,0.36672688
0.6343044,squirrel,167,eagle,0.8369499,0.30900717
0.5294774,potato,167,glasses,0.6803103,0.29173
0.4994038,bulldozer,167,orange,0.70400834,0.27363598
0.6076988,snail,167,cow,0.7713139,0.2857254
0.5874456,acorn,167,key,0.71809006,0.23832482
0.6529201,turkey,167,goat,0.7879595,0.36884272
0.66917783,turtle,167,frog,0.8898421,0.44550067
0.7670962,cheese,167,butter,0.8723503,0.49978393
0.695841,squirrel,167,monkey,0.87571293,0.373752
0.5566503,potato,167,pot,0.72335875,0.30445784
0.6290246,bulldozer,167,tractor,0.8779661,0.36451507
0.66347754,snail,167,worm,0.8313533,0.37669522
0.6948116,acorn,167,coconut,0.79791504,0.35312885
0.475984,balloon,167,dresser,0.7013862,0.28391105
0.6832901,balloon,167,kite,0.79663074,0.40910834
0.5135131,bathtub,167,sock,0.67454326,0.1312198
0.7101293,bathtub,167,shower,0.832619,0.3836841
0.64207584,camel,167,ladybug,0.71172535,0.2888195
0.70280653,camel,167,elephant,0.8811244,0.41266543
0.59746146,cloud,167,zipper,0.64550203,0.3487712
0.6611268,cloud,167,tree,0.77369,0.3691836
0.5538813,crow,167,seahorse,0.6687337,0.25649595
0.71552366,crow,167,penguin,0.8215107,0.38474935
0.589151,duck,167,butterfly,0.7928903,0.297216
0.6621764,duck,167,chicken,0.87230265,0.39362705
0.5569266,lizard,167,walrus,0.65405214,0.29922605
0.7358289,lizard,167,snake,0.8936879,0.41845834
0.56463873,truck,167,airplane,0.77867866,0.347084
0.4586057,truck,167,car,0.87234855,0.30949193
0.6798127,swan,167,turkey,0.80296785,0.35513264
0.5607435,horse,167,turtle,0.8005705,0.35715806
0.49194387,mud,167,cheese,0.6784578,0.24992013
0.6343044,eagle,167,squirrel,0.8369499,0.40042526
0.5294774,glasses,167,potato,0.6803103,0.2878471
0.4994038,orange,167,bulldozer,0.70400834,0.30523062
0.6076988,cow,167,snail,0.7713139,0.31742716
0.5874456,key,167,acorn,0.71809006,0.38241112
0.6529201,goat,167,turkey,0.7879595,0.3380655
0.66917783,frog,167,turtle,0.8898421,0.38250798
0.7670962,butter,167,cheese,0.8723503,0.39055133
0.695841,monkey,167,squirrel,0.87571293,0.42911148
0.5566503,pot,167,potato,0.72335875,0.37474012
0.6290246,tractor,167,bulldozer,0.8779661,0.43520194
0.66347754,worm,167,snail,0.8313533,0.4202081
0.6948116,coconut,167,acorn,0.79791504,0.39364868
0.475984,dresser,167,balloon,0.7013862,0.28550506
0.6832901,kite,167,balloon,0.79663074,0.35355073
0.5135131,sock,167,bathtub,0.67454326,0.42099637
0.7101293,shower,167,bathtub,0.832619,0.47054034
0.64207584,ladybug,167,camel,0.71172535,0.2648043
0.70280653,elephant,167,camel,0.8811244,0.40521115
0.59746146,zipper,167,cloud,0.64550203,0.23310411
0.6611268,tree,167,cloud,0.77369,0.3582815
0.5538813,seahorse,167,crow,0.6687337,0.21570337
0.71552366,penguin,167,crow,0.8215107,0.37655056
0.589151,butterfly,167,duck,0.7928903,0.36992836
0.6621764,chicken,167,duck,0.87230265,0.38269353
0.5569266,walrus,167,lizard,0.65405214,0.24582648
0.7358289,snake,167,lizard,0.8936879,0.46114588
0.56463873,airplane,167,truck,0.77867866,0.28848207
0.4586057,car,167,truck,0.87234855,0.44325292
0.64120716,turkey,193,swan,0.80614436,0.36657834
0.5434765,turtle,193,horse,0.8117016,0.3117231
0.43647248,cheese,193,mud,0.6835814,0.38527387
0.6664572,squirrel,193,eagle,0.8327374,0.3493989
0.5345031,potato,193,glasses,0.6456696,0.26383978
0.4616445,bulldozer,193,orange,0.67549217,0.28081864
0.5786585,snail,193,cow,0.75688356,0.26823848
0.5725759,acorn,193,key,0.72526324,0.28074688
0.62940776,turkey,193,goat,0.7996117,0.3433498
0.5935477,turtle,193,frog,0.8701809,0.41182542
0.7697688,cheese,193,butter,0.8806046,0.49775088
0.6732196,squirrel,193,monkey,0.8704421,0.38252902
0.5536635,potato,193,pot,0.72252643,0.3053679
0.5893375,bulldozer,193,tractor,0.8680565,0.37883043
0.6791412,snail,193,worm,0.81127983,0.37624723
0.6678836,acorn,193,coconut,0.80438226,0.37302047
0.46708316,balloon,193,dresser,0.7183159,0.28019053
0.6604801,balloon,193,kite,0.82066876,0.42818958
0.4237408,bathtub,193,sock,0.6581685,0.11294544
0.6785286,bathtub,193,shower,0.7947118,0.37826866
0.56510836,camel,193,ladybug,0.7183605,0.29142773
0.6746871,camel,193,elephant,0.88798267,0.4135841
0.5691476,cloud,193,zipper,0.6425063,0.32930726
0.717797,cloud,193,tree,0.7037107,0.3859235
0.4902738,crow,193,seahorse,0.6666712,0.21508181
0.68883294,crow,193,penguin,0.83383125,0.3617012
0.52083874,duck,193,butterfly,0.74641216,0.25970852
0.5645831,duck,193,chicken,0.862878,0.38180375
0.5328624,lizard,193,walrus,0.6239977,0.31745988
0.68925345,lizard,193,snake,0.8884194,0.40291542
0.60176295,truck,193,airplane,0.7638898,0.35352033
0.42295092,truck,193,car,0.8303952,0.2841789
0.64120716,swan,193,turkey,0.80614436,0.36661536
0.5434765,horse,193,turtle,0.8117016,0.34807003
0.43647248,mud,193,cheese,0.6835814,0.20585042
0.6664572,eagle,193,squirrel,0.8327374,0.38117492
0.5345031,glasses,193,potato,0.6456696,0.32230031
0.4616445,orange,193,bulldozer,0.67549217,0.31873673
0.5786585,cow,193,snail,0.75688356,0.2877316
0.5725759,key,193,acorn,0.72526324,0.39556015
0.62940776,goat,193,turkey,0.7996117,0.34420854
0.5935477,frog,193,turtle,0.8701809,0.38880402
0.7697688,butter,193,cheese,0.8806046,0.39201927
0.6732196,monkey,193,squirrel,0.8704421,0.4319479
0.5536635,pot,193,potato,0.72252643,0.39580202
0.5893375,tractor,193,bulldozer,0.8680565,0.44347483
0.6791412,worm,193,snail,0.81127983,0.4483229
0.6678836,coconut,193,acorn,0.80438226,0.38132435
0.46708316,dresser,193,balloon,0.7183159,0.3207053
0.6604801,kite,193,balloon,0.82066876,0.37822956
0.4237408,sock,193,bathtub,0.6581685,0.3989942
0.6785286,shower,193,bathtub,0.7947118,0.45532095
0.56510836,ladybug,193,camel,0.7183605,0.24205232
0.6746871,elephant,193,camel,0.88798267,0.39483362
0.5691476,zipper,193,cloud,0.6425063,0.3050744
0.717797,tree,193,cloud,0.7037107,0.35424912
0.4902738,seahorse,193,crow,0.6666712,0.14988399
0.68883294,penguin,193,crow,0.83383125,0.39552265
0.52083874,butterfly,193,duck,0.74641216,0.34112626
0.5645831,chicken,193,duck,0.862878,0.38355064
0.5328624,walrus,193,lizard,0.6239977,0.23893583
0.68925345,snake,193,lizard,0.8884194,0.45319682
0.60176295,airplane,193,truck,0.7638898,0.26779193
0.42295092,car,193,truck,0.8303952,0.44305563
0.66190255,turkey,222,swan,0.7912869,0.3586539
0.48378152,turtle,222,horse,0.798717,0.30685145
0.46814257,cheese,222,mud,0.65788007,0.34918642
0.61932266,squirrel,222,eagle,0.81671643,0.3261026
0.4770272,potato,222,glasses,0.6562168,0.27948928
0.43976015,bulldozer,222,orange,0.65961486,0.2505216
0.5340892,snail,222,cow,0.7310075,0.25080466
0.47317183,acorn,222,key,0.7061865,0.25566697
0.6510336,turkey,222,goat,0.8028367,0.3354466
0.5595169,turtle,222,frog,0.8848511,0.42761642
0.74336886,cheese,222,butter,0.87232673,0.498421
0.6394181,squirrel,222,monkey,0.8679011,0.38117254
0.49572277,potato,222,pot,0.69306934,0.3044501
0.5309038,bulldozer,222,tractor,0.8539378,0.33936262
0.6454648,snail,222,worm,0.8054127,0.36930525
0.6233173,acorn,222,coconut,0.79111654,0.36404824
0.375015,balloon,222,dresser,0.6088654,0.23957276
0.61109585,balloon,222,kite,0.7901747,0.43542236
0.4002919,bathtub,222,sock,0.60071415,0.044735074
0.6306172,bathtub,222,shower,0.7806393,0.37513006
0.5602722,camel,222,ladybug,0.7091189,0.2567833
0.6430984,camel,222,elephant,0.8651948,0.39768857
0.4687879,cloud,222,zipper,0.5916418,0.29956144
0.6389978,cloud,222,tree,0.71397316,0.38389647
0.47241008,crow,222,seahorse,0.6616077,0.20649862
0.66674757,crow,222,penguin,0.8221429,0.36555082
0.46946096,duck,222,butterfly,0.74165475,0.2632426
0.5309082,duck,222,chicken,0.8539544,0.38763595
0.4644435,lizard,222,walrus,0.61953104,0.30646247
0.68389815,lizard,222,snake,0.8888069,0.40873086
0.5350212,truck,222,airplane,0.7303169,0.31968868
0.3495669,truck,222,car,0.7807114,0.24860632
0.66190255,swan,222,turkey,0.7912869,0.34729213
0.48378152,horse,222,turtle,0.798717,0.30610842
0.46814257,mud,222,cheese,0.65788007,0.21965277
0.61932266,eagle,222,squirrel,0.81671643,0.34255642
0.4770272,glasses,222,potato,0.6562168,0.29049063
0.43976015,orange,222,bulldozer,0.65961486,0.29030496
0.5340892,cow,222,snail,0.7310075,0.26599026
0.47317183,key,222,acorn,0.7061865,0.40510643
0.6510336,goat,222,turkey,0.8028367,0.34957194
0.5595169,frog,222,turtle,0.8848511,0.36750132
0.74336886,butter,222,cheese,0.87232673,0.3917358
0.6394181,monkey,222,squirrel,0.8679011,0.42407364
0.49572277,pot,222,potato,0.69306934,0.37721872
0.5309038,tractor,222,bulldozer,0.8539378,0.430803
0.6454648,worm,222,snail,0.8054127,0.4489897
0.6233173,coconut,222,acorn,0.79111654,0.37932473
0.375015,dresser,222,balloon,0.6088654,0.24696845
0.61109585,kite,222,balloon,0.7901747,0.35519516
0.4002919,sock,222,bathtub,0.60071415,0.34204328
0.6306172,shower,222,bathtub,0.7806393,0.4593314
0.5602722,ladybug,222,camel,0.7091189,0.2822957
0.6430984,elephant,222,camel,0.8651948,0.40349323
0.4687879,zipper,222,cloud,0.5916418,0.28745997
0.6389978,tree,222,cloud,0.71397316,0.3549705
0.47241008,seahorse,222,crow,0.6616077,0.13166702
0.66674757,penguin,222,crow,0.8221429,0.36359048
0.46946096,butterfly,222,duck,0.74165475,0.32150787
0.5309082,chicken,222,duck,0.8539544,0.37343812
0.4644435,walrus,222,lizard,0.61953104,0.17930812
0.68389815,snake,222,lizard,0.8888069,0.4238565
0.5350212,airplane,222,truck,0.7303169,0.23560423
0.3495669,car,222,truck,0.7807114,0.41832554
0.60400206,turkey,256,swan,0.792031,0.34332746
0.45097986,turtle,256,horse,0.7684674,0.27124423
0.38307795,cheese,256,mud,0.6492298,0.34666383
0.5842104,squirrel,256,eagle,0.80932915,0.3175096
0.4342075,potato,256,glasses,0.6154747,0.28268945
0.40323296,bulldozer,256,orange,0.64644223,0.24391073
0.53317416,snail,256,cow,0.7406254,0.2736845
0.47011772,acorn,256,key,0.7042372,0.2187764
0.612143,turkey,256,goat,0.79316664,0.32115513
0.531124,turtle,256,frog,0.8750442,0.41441244
0.725819,cheese,256,butter,0.8464421,0.50295657
0.59143543,squirrel,256,monkey,0.86466897,0.374978
0.4725758,potato,256,pot,0.6750203,0.29736894
0.5536044,bulldozer,256,tractor,0.8426155,0.3698207
0.6271798,snail,256,worm,0.81394106,0.3839723
0.62664694,acorn,256,coconut,0.79040515,0.34765583
0.33478072,balloon,256,dresser,0.62778395,0.24884307
0.58709896,balloon,256,kite,0.7887661,0.45404816
0.36623418,bathtub,256,sock,0.57163876,0.012963295
0.547893,bathtub,256,shower,0.7631627,0.34058952
0.48592854,camel,256,ladybug,0.7030704,0.25804305
0.5901564,camel,256,elephant,0.85569006,0.40343267
0.4191935,cloud,256,zipper,0.56793475,0.25500345
0.62249553,cloud,256,tree,0.6742384,0.38110393
0.5075425,crow,256,seahorse,0.65516055,0.23026198
0.66165227,crow,256,penguin,0.82349163,0.36364812
0.4885616,duck,256,butterfly,0.73766017,0.25516933
0.5537765,duck,256,chicken,0.8562953,0.3992856
0.41915762,lizard,256,walrus,0.656389,0.30103302
0.6233234,lizard,256,snake,0.8860325,0.40535516
0.5338776,truck,256,airplane,0.68557626,0.26064968
0.31849745,truck,256,car,0.7639675,0.22710335
0.60400206,swan,256,turkey,0.792031,0.33722937
0.45097986,horse,256,turtle,0.7684674,0.3001451
0.38307795,mud,256,cheese,0.6492298,0.21522039
0.5842104,eagle,256,squirrel,0.80932915,0.34603852
0.4342075,glasses,256,potato,0.6154747,0.26540732
0.40323296,orange,256,bulldozer,0.64644223,0.2596081
0.53317416,cow,256,snail,0.7406254,0.24204713
0.47011772,key,256,acorn,0.7042372,0.39296848
0.612143,goat,256,turkey,0.79316664,0.3361352
0.531124,frog,256,turtle,0.8750442,0.36267292
0.725819,butter,256,cheese,0.8464421,0.3701718
0.59143543,monkey,256,squirrel,0.86466897,0.40881485
0.4725758,pot,256,potato,0.6750203,0.35151637
0.5536044,tractor,256,bulldozer,0.8426155,0.40481883
0.6271798,worm,256,snail,0.81394106,0.4242282
0.62664694,coconut,256,acorn,0.79040515,0.38323027
0.33478072,dresser,256,balloon,0.62778395,0.26238012
0.58709896,kite,256,balloon,0.7887661,0.34226626
0.36623418,sock,256,bathtub,0.57163876,0.35783166
0.547893,shower,256,bathtub,0.7631627,0.46230733
0.48592854,ladybug,256,camel,0.7030704,0.24722975
0.5901564,elephant,256,camel,0.85569006,0.3786307
0.4191935,zipper,256,cloud,0.56793475,0.29099113
0.62249553,tree,256,cloud,0.6742384,0.343911
0.5075425,seahorse,256,crow,0.65516055,0.13392615
0.66165227,penguin,256,crow,0.82349163,0.36934072
0.4885616,butterfly,256,duck,0.73766017,0.31754923
0.5537765,chicken,256,duck,0.8562953,0.3671432
0.41915762,walrus,256,lizard,0.656389,0.16856796
0.6233234,snake,256,lizard,0.8860325,0.40582478
0.5338776,airplane,256,truck,0.68557626,0.2032885
0.31849745,car,256,truck,0.7639675,0.4048249
