text1,text2,layer0_image_similarity,layer1_image_similarity,layer2_image_similarity,layer3_image_similarity,layer4_image_similarity,layer5_image_similarity,layer6_image_similarity,layer7_image_similarity,layer8_image_similarity,layer9_image_similarity,layer10_image_similarity,layer11_image_similarity,layer12_image_similarity
acorn,coconut,0.9071719,0.94752157,0.8329039,0.812896,0.7805651,0.74836606,0.71612376,0.77883995,0.748438,0.7346344,0.7956862,0.8102474,0.9345927
acorn,key,0.36861867,0.84703183,0.7330904,0.7215691,0.6450313,0.5209452,0.5125758,0.5909561,0.527956,0.4680828,0.58193296,0.6810224,0.892479
airplane,truck,0.8176538,0.8755977,0.76895684,0.7757701,0.7264902,0.6212959,0.5600466,0.593228,0.4736112,0.38249063,0.5355158,0.64745694,0.8796672
balloon,dresser,0.3702694,0.72651887,0.57585585,0.6111069,0.45552835,0.3430224,0.35726705,0.4598984,0.3244422,0.32052895,0.39671233,0.5393639,0.85152805
balloon,kite,0.69535524,0.833976,0.7992294,0.76294667,0.686245,0.6049869,0.5571172,0.5990666,0.5203667,0.5275615,0.65474916,0.7530794,0.87010926
bathtub,shower,0.75249124,0.88249,0.75063074,0.7270773,0.6442384,0.61713064,0.6101436,0.6780982,0.58672357,0.5975959,0.73411983,0.81183654,0.93798244
bathtub,sock,0.9211119,0.93730366,0.81090283,0.74382925,0.67274123,0.6175085,0.5085896,0.5480031,0.4345869,0.4028407,0.45184848,0.61262876,0.86206776
bulldozer,orange,0.8397916,0.85626966,0.6456448,0.6370345,0.4991567,0.33299366,0.2887712,0.31858015,0.14163378,0.17828439,0.24322432,0.37015352,0.80641633
bulldozer,tractor,0.77981293,0.8340846,0.67765236,0.7401136,0.6447241,0.6445689,0.66156185,0.67083734,0.57713264,0.57927865,0.6608398,0.6796156,0.89615124
butter,cheese,0.8603183,0.9535744,0.90475154,0.8962374,0.82959694,0.74449146,0.65946096,0.63780653,0.5748587,0.56611574,0.6905048,0.75043076,0.92354375
butterfly,duck,0.76771283,0.84096235,0.68086797,0.6963605,0.56005996,0.48592332,0.49809256,0.59967226,0.49499562,0.470673,0.4623113,0.5918541,0.86997014
camel,elephant,0.8785971,0.94951814,0.87568086,0.8532971,0.78636634,0.76756483,0.7317658,0.7621169,0.7269601,0.7106819,0.6287504,0.6672963,0.89194775
camel,ladybug,0.542956,0.82625246,0.7268369,0.70029604,0.5778679,0.5242175,0.4865025,0.54428005,0.4312009,0.4914881,0.6745926,0.7343222,0.90733904
car,truck,0.7818381,0.8962704,0.7235193,0.7669501,0.6925218,0.6391319,0.593855,0.64890224,0.55531937,0.5092605,0.54015917,0.6211469,0.88511735
cheese,butter,0.8603183,0.9535744,0.90475154,0.8962374,0.82959694,0.74449146,0.65946096,0.63780653,0.5748587,0.56611574,0.6905048,0.75043076,0.92354375
cheese,mud,0.91473603,0.8990091,0.6308612,0.62056154,0.54531085,0.4518946,0.4337161,0.5130972,0.33753878,0.38659036,0.49350718,0.5498601,0.86805874
chicken,duck,0.8280519,0.80730516,0.48804814,0.5670693,0.4840814,0.44641918,0.49857414,0.5907962,0.5015523,0.53366864,0.49716523,0.5929158,0.87429565
cloud,tree,0.84070593,0.91927695,0.84446746,0.82437277,0.7842919,0.7347827,0.6611445,0.7275597,0.6452258,0.7137286,0.74675125,0.78492385,0.8977442
cloud,zipper,0.4175219,0.77453333,0.62322456,0.5677629,0.5365956,0.46318898,0.39497945,0.47757325,0.30184224,0.39972368,0.49871096,0.59693354,0.8191866
coconut,acorn,0.9071719,0.94752157,0.8329039,0.812896,0.7805651,0.74836606,0.71612376,0.77883995,0.748438,0.7346344,0.7956862,0.8102474,0.9345927
cow,snail,0.88877344,0.9223458,0.7774229,0.6583765,0.5580781,0.51306427,0.49544063,0.5388992,0.39592063,0.4108747,0.50225335,0.5817032,0.86568016
crow,penguin,0.75795597,0.7910592,0.6779543,0.7148058,0.65004665,0.6343506,0.6450221,0.6752431,0.5833489,0.57017195,0.6497354,0.71191067,0.9096237
crow,seahorse,0.40479705,0.67332846,0.499582,0.5212808,0.49785665,0.50221145,0.5290323,0.6267714,0.56129104,0.515362,0.63309675,0.71617126,0.90421003
dresser,balloon,0.3702694,0.72651887,0.57585585,0.6111069,0.45552835,0.3430224,0.35726705,0.4598984,0.3244422,0.32052895,0.39671233,0.5393639,0.85152805
duck,butterfly,0.76771283,0.84096235,0.68086797,0.6963605,0.56005996,0.48592332,0.49809256,0.59967226,0.49499562,0.470673,0.4623113,0.5918541,0.86997014
duck,chicken,0.8280519,0.80730516,0.48804814,0.5670693,0.4840814,0.44641918,0.49857414,0.5907962,0.5015523,0.53366864,0.49716523,0.5929158,0.87429565
eagle,squirrel,0.8549263,0.94405794,0.8730111,0.87100315,0.7994826,0.75273395,0.698345,0.7305569,0.6663405,0.68472606,0.7025303,0.7512937,0.9158492
elephant,camel,0.8785971,0.94951814,0.87568086,0.8532971,0.78636634,0.76756483,0.7317658,0.7621169,0.7269601,0.7106819,0.6287504,0.6672963,0.89194775
frog,turtle,0.7347079,0.78899765,0.4913818,0.5923231,0.527186,0.5065741,0.52536255,0.577895,0.43371603,0.47571972,0.48607063,0.4947819,0.8531847
glasses,potato,0.54149926,0.7034851,0.6071334,0.582135,0.45334938,0.32907593,0.3104048,0.40323824,0.3256253,0.26381257,0.3180453,0.33305347,0.7632938
goat,turkey,0.521185,0.7755669,0.5523198,0.59126747,0.5179441,0.5426899,0.57333934,0.685178,0.6128102,0.5959515,0.5714623,0.6154521,0.8857995
horse,turtle,0.82762283,0.865429,0.67186236,0.734755,0.6434818,0.5927641,0.5657818,0.5887545,0.4858801,0.4482655,0.31758338,0.46980622,0.8411018
key,acorn,0.36861867,0.84703183,0.7330904,0.7215691,0.6450313,0.5209452,0.5125758,0.5909561,0.527956,0.4680828,0.58193296,0.6810224,0.892479
kite,balloon,0.69535524,0.833976,0.7992294,0.76294667,0.686245,0.6049869,0.5571172,0.5990666,0.5203667,0.5275615,0.65474916,0.7530794,0.87010926
ladybug,camel,0.542956,0.82625246,0.7268369,0.70029604,0.5778679,0.5242175,0.4865025,0.54428005,0.4312009,0.4914881,0.6745926,0.7343222,0.90733904
lizard,snake,0.63389146,0.81561375,0.7525117,0.786458,0.76368487,0.7005085,0.6487583,0.6890772,0.6218477,0.5107427,0.5712523,0.6520544,0.87483513
lizard,walrus,0.8242331,0.83245796,0.51377136,0.5360115,0.5427886,0.5317475,0.570465,0.6224431,0.51931524,0.48604438,0.5982201,0.66650325,0.85662717
monkey,squirrel,0.693161,0.89946663,0.8514872,0.85314107,0.80054665,0.756297,0.7265847,0.7482489,0.7193329,0.750575,0.8408473,0.8672512,0.94451183
mud,cheese,0.91473603,0.8990091,0.6308612,0.62056154,0.54531085,0.4518946,0.4337161,0.5130972,0.33753878,0.38659036,0.49350718,0.5498601,0.86805874
orange,bulldozer,0.8397916,0.85626966,0.6456448,0.6370345,0.4991567,0.33299366,0.2887712,0.31858015,0.14163378,0.17828439,0.24322432,0.37015352,0.80641633
penguin,crow,0.75795597,0.7910592,0.6779543,0.7148058,0.65004665,0.6343506,0.6450221,0.6752431,0.5833489,0.57017195,0.6497354,0.71191067,0.9096237
pot,potato,0.36665595,0.6835211,0.47626755,0.4722277,0.2557326,0.062653504,0.13312489,0.24316531,0.2623953,0.17365097,0.29938436,0.3532251,0.78774905
potato,glasses,0.54149926,0.7034851,0.6071334,0.582135,0.45334938,0.32907593,0.3104048,0.40323824,0.3256253,0.26381257,0.3180453,0.33305347,0.7632938
potato,pot,0.36665595,0.6835211,0.47626755,0.4722277,0.2557326,0.062653504,0.13312489,0.24316531,0.2623953,0.17365097,0.29938436,0.3532251,0.78774905
seahorse,crow,0.40479705,0.67332846,0.499582,0.5212808,0.49785665,0.50221145,0.5290323,0.6267714,0.56129104,0.515362,0.63309675,0.71617126,0.90421003
shower,bathtub,0.75249124,0.88249,0.75063074,0.7270773,0.6442384,0.61713064,0.6101436,0.6780982,0.58672357,0.5975959,0.73411983,0.81183654,0.93798244
snail,cow,0.88877344,0.9223458,0.7774229,0.6583765,0.5580781,0.51306427,0.49544063,0.5388992,0.39592063,0.4108747,0.50225335,0.5817032,0.86568016
snail,worm,0.72262996,0.8054252,0.4772151,0.45263273,0.3522092,0.3854718,0.45663986,0.55030763,0.38588324,0.35322842,0.47997436,0.55355465,0.85036856
snake,lizard,0.63389146,0.81561375,0.7525117,0.786458,0.76368487,0.7005085,0.6487583,0.6890772,0.6218477,0.5107427,0.5712523,0.6520544,0.87483513
sock,bathtub,0.9211119,0.93730366,0.81090283,0.74382925,0.67274123,0.6175085,0.5085896,0.5480031,0.4345869,0.4028407,0.45184848,0.61262876,0.86206776
squirrel,eagle,0.8549263,0.94405794,0.8730111,0.87100315,0.7994826,0.75273395,0.698345,0.7305569,0.6663405,0.68472606,0.7025303,0.7512937,0.9158492
squirrel,monkey,0.693161,0.89946663,0.8514872,0.85314107,0.80054665,0.756297,0.7265847,0.7482489,0.7193329,0.750575,0.8408473,0.8672512,0.94451183
swan,turkey,0.38623405,0.75352436,0.49433064,0.4828638,0.40183896,0.34222868,0.40215948,0.48033044,0.4048326,0.42183885,0.52130663,0.5650811,0.85995764
tractor,bulldozer,0.77981293,0.8340846,0.67765236,0.7401136,0.6447241,0.6445689,0.66156185,0.67083734,0.57713264,0.57927865,0.6608398,0.6796156,0.89615124
tree,cloud,0.84070593,0.91927695,0.84446746,0.82437277,0.7842919,0.7347827,0.6611445,0.7275597,0.6452258,0.7137286,0.74675125,0.78492385,0.8977442
truck,airplane,0.8176538,0.8755977,0.76895684,0.7757701,0.7264902,0.6212959,0.5600466,0.593228,0.4736112,0.38249063,0.5355158,0.64745694,0.8796672
truck,car,0.7818381,0.8962704,0.7235193,0.7669501,0.6925218,0.6391319,0.593855,0.64890224,0.55531937,0.5092605,0.54015917,0.6211469,0.88511735
turkey,goat,0.521185,0.7755669,0.5523198,0.59126747,0.5179441,0.5426899,0.57333934,0.685178,0.6128102,0.5959515,0.5714623,0.6154521,0.8857995
turkey,swan,0.38623405,0.75352436,0.49433064,0.4828638,0.40183896,0.34222868,0.40215948,0.48033044,0.4048326,0.42183885,0.52130663,0.5650811,0.85995764
turtle,frog,0.7347079,0.78899765,0.4913818,0.5923231,0.527186,0.5065741,0.52536255,0.577895,0.43371603,0.47571972,0.48607063,0.4947819,0.8531847
turtle,horse,0.82762283,0.865429,0.67186236,0.734755,0.6434818,0.5927641,0.5657818,0.5887545,0.4858801,0.4482655,0.31758338,0.46980622,0.8411018
walrus,lizard,0.8242331,0.83245796,0.51377136,0.5360115,0.5427886,0.5317475,0.570465,0.6224431,0.51931524,0.48604438,0.5982201,0.66650325,0.85662717
worm,snail,0.72262996,0.8054252,0.4772151,0.45263273,0.3522092,0.3854718,0.45663986,0.55030763,0.38588324,0.35322842,0.47997436,0.55355465,0.85036856
zipper,cloud,0.4175219,0.77453333,0.62322456,0.5677629,0.5365956,0.46318898,0.39497945,0.47757325,0.30184224,0.39972368,0.49871096,0.59693354,0.8191866
